s{,ʒn,ʖړI,ʎ,kځE,Ɨ,v@,Ƌ@,{,t}ԍ
kC,,LіǗoc,"E,}",",,","17.1km,3point",cы,,"53.5.10,53.6.30",71
kC,V\Ð쒬,H䒠,"Be,ʑ","7000,,1000","86.4KM2,7.7KM2",V\Ð쒬,,"53.4.12,53.12.20",72
kC,"Ύs,V",L撲,҂,10000,230.0KM2,zƎƒc,,"53.6.1,53.9.20",74
kC,Dys,v,"Be,ʑ","4000,,1000","230.0KM2,230.0KM2",DyJݕ,,"53.5.10,53.7.15",75
kC,Ύ뒬,ssv,"Be,ʑ","8000,,2500","120.0KM2,120.0KM2",Ύ뒬,,"53.5.20,53.9.30",76
kC,Ύ뒬,H䒠,ʑ,1000,18.8KM2,Ύ뒬,,"53.5.20,54.3.20",77
kC,w,H䒠,"Be,Be,ʑ,ʑ","3000,,7000,,500,,1000","2.5KM2,56.0KM2,1.8KM2,3.9KM2",w,,"53.5.5,53.12.23",78
kC,"쒬,l",h,ʑ,10000,393.2KM2,Jݕ,,"53.6,53.12",104
kC,"Y͒,l,",Xьv,Be,20000,1100.0KM2,kC,,"53.5.15,53.9.30",105
kC,y,Xьv,O,,103model,kC,,"53.5.15,53.8.5",106
kC,"[s,c,k,J",Xьv,O,,121model,kC,,"53.5.15,53.8.5",107
kC,"〈s,V\Ð쒬,s,ԕs,ʎs,̎us,s,㍻쒬,YP,ވ],`,Ss,O}s,Rm",Xьv,O,,162model,kC,,"53.5.15,53.8.5",108
kC,"َs,쒬,ђ,ˈ䒬,Kݓ,̖@ؑ,슝,",Xьv,O,,95model,kC,,"53.5.15,53.8.5",109
kC,Ўq{,H䒠,"Be,ʑ","8000,,1000","145.0KM2,12.0KM2",Ўq{,,"53.5,54.3.31",115
kC,WÒ,v,_,,50point,WÒ,,"53.6.1,53.12.20",116
kC,"ts,,}K,Lx,Y",_pnJ,"ʑ,ʐ}","5000,,10000","54.2KM2,280.0KM2",tJݕ,,"53.5.17,53.8.24",133
kC,,H䒠,"Be,ʑ","8000,,1000","105.5KM2,8.1KM2",,,"53.5.10,54.3.31",134
kC,"O,",Xьv,ʑ,5000,290.0KM2,kC,,"53.6.8,53.11.30",135
kC,m,Xьv,ʑ,5000,284.0KM2,kC,,"53.6.8,53.11.30",136
kC,L,_,ʑ,2500,5.0KM2,L,,"53.6.5,53.8.31",137
kC,,_nJ,"Be,ʑ","25000,,5000","139.0KM2,7.0KM2",HJݕ,,"53.6.15,53.9.10",138
kC,L,ssv,"Be,ʑ","12500,,2500","41.0KM2,1.5KM2",L,,"53.6.1,53.6.30",149
kC,,Xђ,Be,20000,1490.0KM2,і쒡,,"53.5,53.10",167
kC,,Xђ,Be,16000,2219.0KM2,і쒡,,"53.5,53.10",167
kC,"f,,q,ʊC",Xьv,E,,110.0km,эLcы,,"53.5.1,54.3.31",194
kC,L,Xьv,"O,ʑ,ʑ",",,5000,,25000","60model,121.0KM2,121.0KM2",эLcы,,"53.5.1,54.3.31",194
kC,Η,yn,"Be,ʑ","8000,,2000","15.9KM2,4.5KM2",ԑJݕ,,"53.7.1,53.9.30",210
kC,"c,]s,V,Dys,bs,Ss,ʎs","E,R","E,Be",",,10000","77.0km,150.0KM2",Dycы,,"53.5.,53.10.",231
kC,ʒ,nՒ,,,22.0km,ʒ,,"53.6.15,53.10.30",232
kC,"〈s,O}s,Ss,ވ],s,s,V",Hv,H,,50.7km,{HcDy݋,,"53.6.19,54.3.31",233
kC,"m,O",L撲,"ʑ,҂","10000,,10000","65.0KM2,175.0KM2",zƎƒc,,"53.7.10,53.10.5",234
kC,"ʒ,",p,"Be,ʑ","30000,,10000","280.0KM2,40.0KM2",\x,,"53.5.27,53.7.30",268
kC,{ʒ,_nJ,ʑ,5000,5.2KM2,\x,,"53.6.17,53.7.31",269
kC,ʒ,_nJ,ʑ,5000,45.0KM2,ԑJݕ,,"53.7.3,53.9.30",270
kC,Ύ뒬,nՒ,,,35.0km,kC,,"53.7.10,53.11.30",271
kC,Xʑ,_,"ʑ,ʑ","2500,,10000","5.0KM2,175.0KM2",Xʑ,,"53.7.1,53.8.21",272
kC,莺,yn,ʑ,5000,132.0KM2,эLJݕ,,"53.7.5,53.10.20",273
kC,X,yn,"Be,ʑ","25000,,10000","65.0KM2,52.0KM2",\x,,"53.5.27,53.7.10",274
kC,,yn,"Be,ʑ","30000,,10000","136.8KM2,69.9KM2",يJݕ,,"53.7.1,53.9.25",275
kC,],_nJ,ʑ,5000,1.5KM2,wRx,,"53.7.2,53.7.31",276
kC,"bs,Ύs",K꒲,"Be,ʑ","25000,,5000","213.7KM2,40.0KM2",Dyhq{݋,,"53.5.22,53.9.30",277
kC,{ʒ,p,ʑ,10000,25.0KM2,\x,,"53.5.27,53.7.30",286
kC,lڕʒ,_nJ,ʑ,5000,23.0KM2,tJݕ,,"53.6.20,53.8.30",287
kC,"〈s,I,y",pv,ʑ,1000,6.0KM2,DyJݕ,,"53.7.5,53.12.20",304
kC,эLs,nՒ,,,24.0km,эLs,,"53.7.31,53.10.28",305
kC,ks,yn,ʑ,2000,50.0KM2,ԑJݕ,,"53.7.22,53.10.31",331
kC,"y,s",nJ,ʑ,5000,9.0KM2,kC,,"53.8.1,53.10.1",339
kC,,H䒠,"Be,ʑ","8000,,1000","233.0KM2,14.0KM2",,,"53.8.1,54.3.20",340
kC,Dys,nՒ,,,223.0km,Dys,,"53.9.1,53.12.1",345
kC,쒬,"ssv,H䒠","ʑ,Be,Be,ʑ,ʑ","2500,,4000,,8000,,500,,1000","5.8KM2,130.0KM2,6.0KM2,0.5KM2,4.7KM2",쒬,,"53.8.22,54.3.20",420
kC,my,v,"Be,ʑ","12500,,2500","20.7KM2,4.2KM2",my,,"53.8.22,53.10.30",430
kC,W,H䒠,ʑ,2000,70.0KM2,W,,"53.8.11,54.8.10",431
kC,,͐C,"Be,ʑ","12500,,2500","317.0KM2,38.4KM2",Jݕ,,"53.7.22,53.12.20",432
kC,,Hv,"Be,ʑ,ʑ","8000,,2500,,1000","17.1KM2,16.0KM2,1.7KM2",kCJ,,"53.7.14,53.12.5",452
kC,,Hv,"Be,Be,ʑ,ʑ","8000,,12000,,1000,,2500","8.6KM2,34.0KM2,3.3KM2,19.9KM2",kCJ,,"53.7.14,53.12.5",452
kC,"CԒ,ꑺ,y,Η,P,f",Hv,"Be,ʑ,ʑ,ʑ","8000,,1000,,2500,,5000","26.7KM2,4.4KM2,1.8KM2,12.7KM2",kCJ,,"53.7.14,53.12.5",452
kC,",L",Hv,"ʑ,ʑ","1000,,2500","1.9KM2,11.8KM2",kCJ,,"53.7.14,53.12.5",452
kC,Dys,v,_,,40point,Dys,,"53.9.22,56.3.31",529
kC,Y,Xьv,ʑ,5000,301.3KM2,kC,,"53.8.28,54.3.2",530
kC,Nʒ,Xьv,ʑ,5000,156.9KM2,kC,,"53.8.28,54.3.6",530
kC,y,Xьv,ʑ,5000,213.7KM2,kC,,"53.8.28,54.3.9",530
kC,"[s,c,k,J",Xьv,ʑ,5000,440.4KM2,kC,,"53.8.28,54.3.13",530
kC,"s,V\Ð쒬,ԕs,ʎs,̎us,s,㍻쒬",Xьv,ʑ,5000,375.0KM2,kC,,"53.8.28,54.3.16",530
kC,"〈s,YP,`,Ss,O}s,ވ],Rm",Xьv,ʑ,5000,348.4KM2,kC,,"53.8.28,54.3.20",530
kC,"슝,,Kݓ,̖@ؑ",Xьv,ʑ,5000,189.7KM2,kC,,"53.8.28,54.3.23",530
kC,"َs,쒬,ђ,ˈ䒬",Xьv,ʑ,5000,314.3KM2,kC,,"53.8.28,54.3.28",530
kC,X,"nMn,nՕϓ",",Op",",,","18.0km,17point",HƋZp@,,"53.10.2,53.12.20",537
kC,"q,W",v,ʑ,2500,34.3KM2,HJݕ,,"53.6.29,53.12.20",579
kC,"f,ʒ,WÒ",v,"Be,ʑ","12500,,2500","145.0KM2,21.7KM2",HJݕ,,"53.9.14,54.1.31",580
kC,s,Sv,"ʑ,ʑ","2500,,1000","2.0KM2,2.0KM2",{LSDyH,,"53.10.2,54.3.31",581
kC,Dys,E,p,,40point,kC,,"53.10.11,53.12.10",582
kC,Dys,E,p,,15point,kC,,"53.10.11,53.12.10",583
kC,эLs,Sv,"Be,ʑ,ʑ","6000,,1000,,2500","10.2KM2,1.4KM2,1.4KM2",{LSDyH,,"53.10.2,54.1.31",584
kC,ʒ,H䒠,"Be,ʑ","8000,,1000","198.0KM2,7.1KM2",ʒ,,"53.10.20,54.3.20",705
kC,"ɒBs,c",_nv,"Be,ʑ,ʑ","12000,,5000,,10000","125.0KM2,65.0KM2,65.0KM2",_Ux,,"53.11.10,53.12.20",766
kC,",莺",yn,"Be,ʑ,ʑ","10000,,2000,,5000","299.0KM2,25.0KM2,25.0KM2",эLJݕ,,"53.11.11,54.3.20",767
kC,OΒ,H䒠,"Be,ʑ","8000,,1000","230.0KM2,16.0KM2",OΒ,,"53.11,54.12.20",768
kC,"X,rc",nJ,ʑ,5000,5.1KM2,эLJݕ,,"53.11.17,53.12.25",769
kC,Η,yn,"Be,ʑ","10000,,2000","6.8KM2,1.5KM2",ԑJݕ,,"53.12.1,53.12.31",808
kC,Pq{,yn,ʑ,10000,17.4KM2,ԑJݕ,,"53.12.1,53.12.20",809
kC,K,_nJ,"Be,ʑ,ʑ","25000,,5000,,10000","51.8KM2,20.0KM2,20.0KM2",يJݕ,,"53.11.18,54.2.28",810
kC,ǒ,_nJ,ʑ,5000,3.0KM2,\x,,"53.12.16,54.3.12",941
kC,L,_nJ,ʑ,5000,3.0KM2,\x,,"53.12.16,54.3.12",942
kC,V,_nJ,ʑ,5000,8.0KM2,\x,,"53.12.16,54.3.12",1055
X,ˎs,Hv,H,,6.6km,"{Hc䌚݋,ˍH",,"53.3,53.7.6",9
X,Xs,nՒ,,,87.0km,Xs,,"53.5.25,53.6.24",59
X,Q,ssv,"Be,ʑ","12500,,2500","130.0KM2,25.0KM2",Q,,"53.4.28,53.8.15",67
X,Xs,nՒ,,,15.0km,X,,"53.5.20,53.6.20",143
X,Xs,`pv,,,11.6km,"^Aȑ`p݋,X`H",,"53.6.7,53.9.30",152
X,Xs,nՒ,,,18.0km,XX`Ǘ,,"53.5.13,53.9.9",213
X,ˎs,nՒ,,,67.5km,ˎs,,"53.9.10,53.11.20",434
X,ˎs,ssJ,"ʑVK,ʑC","2500,,2500","7.4KM2,10.9KM2",nUc,,"53.9.19,54.1.6",503
X,SΒ,H䒠,Be,6000,35.0KM2,SΒ,,"53.10.21,54.2.15",739
X,ZP,`pv,"_,",",,","6.7km,6.4km","`p݋,ˍ`H",,"53.12.1,53.12.30",740
X,ZP,v,"Be,ʑ","3000,,500","4.4KM2,3.9KM2",ނ쌴J,,"53.12.11,54.3.30",827
X,ˎs,Hv,"Be,ʑ","4000,,500","94.0KM2,0.4KM2",ˎs,,"53.10.11,54.1.25",830
X,ˎs,Hpn,"Be,ʑ","8000,,1000","7.0KM2,5.0KM2",nUc,,"53.7.18,54.1.27",872
X,"Os,ZP",{ݐ݌v,,500,0.5KM2,kn쑍JH,,"53.12.5,54.1.31",925
X,"Os,ZP",͐C,,,15.0km,kn쑍JH,,"54.1.27,54.3.10",988
X,\acs,Xђ,ʐ},5000,10.0KM2,X,,"54.1.1,54.3.31",1005
X,Xs,Xђ,Be,20000,430.0KM2,X,,"54.5.1,54.10",1129
茧,˒,Hv,H,,7.4km,"{Hc䌚݋,ˍH",,"53.3.10,53.7.7",8
茧,,ssv,"Be,ʑ,ʑ","12500,,2500,,10000","100.0KM2,35.0KM2,35.0KM2",,,"53.4.28,53.10.10",58
茧,vs,Xьv,ʐ},5000,351.0KM2,茧,,"53.5.1,53.6.20",97
茧,Ԋs,ssv,ʑ,2500,109.9KM2,Ԋs,,"53.9.11,54.3.24",479
茧,g,ssv,ʑ,2500,59.7KM2,g,,"53.9.11,54.3.24",480
茧,ks,ssv,ʑ,2500,89.3KM2,ks,,"53.9.11,54.3.24",481
茧,ΒJ,ssv,ʑ,2500,58.3KM2,ΒJ,,"53.9.11,54.3.24",482
茧,]ގq,ssv,ʑ,2500,9.8KM2,]ގq,,"53.9.11,54.3.24",483
茧,P蒬,ssv,ʑ,2500,21.0KM2,蒬,,"53.9.11,54.3.24",484
茧,Β,"nMn,nՕϓ","Op,p",",,","12point,39point",HƋZp@,,"53.10.2,53.12.20",538
茧,P蒬,ssv,"Be,ʑ","10000,,2500","120.0KM2,114.0KM2",蒬,,"53.10.3,54.6.30",585
茧,ʎR,͓v,"Be,ʑ","8000,,1000","3.5KM2,0.7KM2",茧y؎,,"53.8.3,53.11.20",642
茧,vs,`p,ʑ,5000,15.8KM2,茧vy؎,,"54.1.23,54.3.25",1122
茧,s,Hv,ʑ,500,1.7KM2,s,,"54.1.25,54.3.25",1125
茧,Ύs,`pv,_,,5point,"`p݋,{Í`H",,"54.3.8,54.3.30",1126
茧,Dns,`v,ʑ,2000,1.0KM2,Dns,,"54.4.10,54.8.10",1128
{錧,s,v,_,,12.7km,s,,"53.4.1,53.4.30",2
{錧,s,Xьv,Be,20000,806.0KM2,{錧,,"53.5.10,53.7.30",68
{錧,c,Xьv,ʐ},5000,15.0KM2,{錧,,"53.5.10,53.7.30",68
{錧,,͐쒲,cf,,78.0km,knk쉺H,,"53.5.15,53.9.30",82
{錧,q,_Ǘ,"ʑ,ʑ,ҏW","1000,,2500,,2500","1.5KM2,1.0KM2,5.0KM2",knq_Ǘ,,"53.5.20,53.7.31",151
{錧,s,Hv,"Be,ʑ","8000,,1000","13.0KM2,1.6KM2",s,,"53.6.7,53.10.15",212
{錧,s,Hv,"Be,ʑ","4000,,500","2.7KM2,0.8KM2",s,,"53.7.19,53.10.30",312
{錧,"s,}s,s,s,s,Cs,{",nՒ,,,189.1km,{錧,,"53.8.1,54.3.31",342
{錧,c,Xьv,ʑ,5000,91.7KM2,{錧,,"53.8.1,54.1.",343
{錧,}s,搮,,500,0.2KM2,{錧,,"53.8.7,53.10.31",347
{錧,t,搮,,500,0.3KM2,{錧,,"53.8.7,53.10.31",348
{錧,xJ,搮,,500,0.7KM2,{錧,,"53.8.7,53.10.31",349
{錧,"Ph,Ύs,ېX",E,}_,,74.2km,Xcы,,"53.8.4,53.11.30",389
{錧,ېX,ُꐮ,"ʑ,ʑ","1000,,5000","4.5KM2,4.5KM2",ېX,,"53.8.3,53.11.30",392
{錧,s,ssv,"ʑVK,ʑC","2500,,2500","38.2KM2,82.8KM2",s,,"53.8.14,54.3.10",532
{錧,s,ssv,"ʑVK,ʑC","2500,,2500","3.0KM2,15.0KM2",s,,"53.9.20,54.3.10",533
{錧,Pl,ssv,"ʑVK,ʑC","2500,,2500","2.8KM2,7.7KM2",l,,"53.8.14,54.3.10",534
{錧,s,͐v,"Be,ʑ","12500,,2500","4.0KM2,2.0KM2",knH,,"53.9.15,53.12.15",554
{錧,{蒬,ُꐮ,ʑ,1000,3.5KM2,{蒬,,"53.10.26,54.3.20",738
{錧,"s,{s","ۗ{n,݌v","Be,ʑ","8000,,1000","22.0KM2,3.3KM2",Nƒc,,"53.11.21,54.10.16",765
{錧,"s,}s",v,"Be,Be,ʑ,ʑ","4000,,12500,,500,,2500","15.0KM2,75.0KM2,1.9KM2,3.6KM2",{LSVH,,"53.11.21,54.3.31",838
{錧,L,ssv,"Be,ʑ,ʑ","12500,,2500,,10000","10.0KM2,10.0KM2,10.0KM2",L,,"53.12.22,54.3.20",923
{錧,s,Hv,"Be,ʑ","8000,,1000","16.2KM2,0.9KM2",s,,"53.12.20,54.3.20",943
{錧,s,H䒠,,500,1.5KM2,s,,"54.3.1,57.3.31",1059
{錧,s,ssv,"Be,ʑ","10000,,2500","216.0KM2,39.0KM2",s,,"54.1.26,54.3.25",1127
Hc,Hcs,Hv,"Be,ʑ","4000,,500","9.4KM2,0.4KM2",knHcH,,"53.4.3,53.8.30",1
Hc,"\s,R{",yn,"Be,ʑ,ʑ","8000,,1000,,2500","237.0KM2,5.0KM2,33.0KM2","k_,\J񌚐ݎƏ",,"53.4.20,53.9.30",24
Hc,ѓc쒬,ُꐮ,"Be,ʑ,ʑ,ʑ","8000,,1000,,5000,,10000","4.0KM2,4.0KM2,4.0KM2,4.0KM2",Hc,,"53.5.1,53.10.31",36
Hc,cΒ,_v,"Be,ʑ","8000,,1000","32.4KM2,3.5KM2",knʐ_H,,"53.5.13,53.9.25",139
Hc,R,v,"Be,ʑ","25000,,5000","190.0KM2,148.0KM2",R,,"53.4.21,53.7.20",150
Hc,,Xђ,Be,20000,1933.0KM2,і쒡,,"53.5,53.10",167
Hc,Hcs,_ƌv,"Be,ʑ","20000,,5000","192.0KM2,92.0KM2",Hcs,,"53.5.20,53.8.31",237
Hc,"Xg,鑃,쒬",_v,Be,8000,24.2KM2,knm_,,"53.7.25,53.8.15",310
Hc,Hcs,Hv,_,,6point,knHcH,,"53.7.18,53.10.10",346
Hc,"R{s,ɂَs,Hcs",Xђ,"Be,ʐ}","20000,,5000","827.0KM2,319.0KM2",Hc,,"53.7.25,53.12.25",362
Hc,Y,͐쒲,"Be,ʑ","12500,,2500","8.0KM2,4.0KM2",knH,,"53.8.1,53.10.31",390
Hc,Hcs,Hv,H,,4.8km,knHcH,,"53.9.15,53.11.30",485
Hc,"Ȏs,Z,k",Hv,,,9.6km,knHcH,,"53.10.11,53.12.10",619
Hc,\s,搮,"Be,ʑ","8000,,1000","4.5KM2,1.5KM2",\s,,"53.7.29,53.11.29",643
Hc,ps,ُꐮ,"Be,ʑ","8000,,1000","21.9KM2,5.5KM2",ps,,"53.10.27,54.2.20",669
Hc,js,ssv,"ʑVK,ʑC","2500,,2500","75.0KM2,101.0KM2",Hc,,"53.9.26,54.3.25",714
Hc,Hcs,Hv,"Be,ʑ","4000,,500","8.1KM2,0.7KM2",HcHcssvH,,"53.10.7,54.3.25",833
R`,"C,",L撲,҂,10000,320.0KM2,zƎƒc,,"53.6.1,53.9.20",74
R`,"͖k,쒬,,],͍]s",Xьv,"Be,ʐ}","20000,,5000","792.0KM2,187.5KM2",R`,,"53.5.1,54.3.15",81
R`,钬,,"Be,ʑ","4000,,500","5.0KM2,0.7KM2",钬,,"53.6.25,53.8.15",288
R`,R`s,ُꐮ,"Be,ʑ","8000,,1000","20.0KM2,20.0KM2",R`ŏ쒆ynǋ,,"53.7.30,53.12.20",391
R`,đs,nՒ,,,9.6km,đs,,"53.9.20,53.10.20",540
R`,"ˑ,呠",v,ʑ,5000,35.0KM2,knVH,,"53.9.1,53.12.11",621
R`,"R`s,R",Hv,cf,,6.3km,{Hc䌚݋,,"53.11.10,54.2.6",871
R`,đs,ssv,"Be,ʑ","12500,,2500","130.0KM2,74.2KM2",đs,,"54.1.13,54.3.24",946
,Vn,ُꐮ,ʑ,1000,3.4KM2,,,"53.5.1,53.8.31",3
,␣,ُꐮ,ʑ,1000,5.2KM2,,,"53.5.1,53.8.31",4
,Iq,ُꐮ,ʑ,1000,4.5KM2,,,"53.5.1,53.8.31",5
,Íc,ُꐮ,ʑ,1000,6.4KM2,,,"53.5.1,53.11.30",6
,␣,ُꐮ,ʑ,1000,1.4KM2,␣,,"53.5.10,53.10.20",56
,{s,ُꐮ,ʑ,500,0.2KM2,ψ,,"53.5.8,53.6.30",70
,{{,ssv,"Be,ʑVK,ʑC","12500,,2500,,2500","39.5KM2,3.2KM2,12.2KM2",{{,,"53.5.16,53.6.30",140
,{{,^v,"Be,ʑ","8000,,1000","7.8KM2,0.7KM2",{{,,"53.5.16,53.6.30",141
,s,wړ]v,"Be,ʑ","4000,,500","7.5KM2,1.2KM2",,,"53.5.19,53.9.14",142
,",c",͐v,"Be,ʑ","8000,,1000","39.6KM2,1.9KM2",knH,,"53.5.30,53.8.23",114
,,Xђ,Be,16000,1246.0KM2,і쒡,,"53.5,53.10",167
,L쑺,EǗ,},,10point,_pnJcGaJ,,"53.6.1,54.3.31",195
,킫s,j[^E,_,,25point,nUc,,"53.6.13,53.7.31",196
,"ڊ⑺,ɓ쑺,w}",E,"},E",",,","36point,74.4km",Ocы,,"53.6,53.11",211
,"a,㒬",Hv,"Be,ʑ","8000,,1000","13.9KM2,3.3KM2",ݎ,,"53.6.28,53.10.6",259
,c㒬,Hv,ʑ,1000,3.6KM2,ݎ,,"53.6.9,53.9.6",261
,"SRs,␣",H,ʑ,2500,9.3KM2,SRݎ,,"53.8.10,53.9.30",404
,Îᏼs,䒠,"Be,ʑ","4000,,500","7.0KM2,1.2KM2",Îᏼs,,"53.8.10,53.12.16",433
,Ot,H,ʑ,1000,1.8KM2,SRݎ,,"53.9.1,53.10.31",435
,Í≺,{݌v,ʑ,2500,3.0KM2,ψ,,"53.8.25,53.10.24",504
,͎s,ssv,"Be,ʑ","12500,,2500","144.0KM2,74.0KM2",,,"53.9.1,53.12.25",555
,Í≺,ssv,"Be,ʑ","12500,,2500","15.0KM2,9.8KM2",Í≺,,"53.10.19,54.2.10",641
,ns,v,"Be,ʑ","4000,,500","15.0KM2,2.1KM2",ns,,"53.12.1,54.3.24",737
,s,_nv,Be,8000,10.7KM2,s,,"53.11.13,53.12.25",831
,s,Hv,"Be,ʑ","8000,,2500","20.7KM2,7.4KM2",ݎ,,"53.11.17,54.2.14",832
,"{s,B,,ʑ",Xьv,ʐ},5000,195.0KM2,,,"53.12.26,54.3.20",924
,킫s,Hv,H,,6.5km,{Hc䌚݋,,"53.12.6,54.3.25",926
,킫s,Hv,H,,4.6km,{Hc䌚݋,,"53.12.13,54.3.12",927
,킫s,Hv,H,,6.3km,{Hc䌚݋,,"53.12.13,54.3.22",928
,SRs,Hv,ʑ,2500,3.2KM2,SRݎ,,"54.1.7,54.3.25",929
,Í≺,Hv,ʑ,2500,5.2KM2,Îᏼݎ,,"54.1.10,54.3.10",945
,SRs,yn,"Be,ʑ","8000,,1000","70.0KM2,28.6KM2",,,"54.1.25,54.3.30",947
,s,nՒ,,,44.0km,s,,"54.2.19,54.3.20",1057
,"s,",_nJ,Be,8000,9.6KM2,,,"54.1.29,54.3.9",1058
,Iq,Hv,"Be,ʑ","8000,,1000","36.0KM2,2.4KM2",͌ݎ,,"54.2.20,54.3.31",1060
,R,Hv,ʑ,2500,3.2KM2,ݎ,,"54.2.10,54.3.20",1061
,킫s,nׂ蒲,ʑ,2000,1.0KM2,킫ݎ,,"54.2.27,54.3.5",1062
,D,͐v,ʑ,2500,3.2KM2,SRݎ,,"54.3.5,54.3.25",1124
錧,엢,ssv,ʑ,2500,8.0KM2,엢,,"53.5.23,53.8.10",118
錧,q,_v,ʑ,5000,4.4KM2,֓n헤H,,"53.8.10,53.10.9",330
錧,"߉ϖs,cs,C",Ւnpv,"Be,ʑ,ʑ","12500,,2500,,10000","38.5KM2,38.5KM2,38.5KM2",錧,,"53.8.17,53.11.30",437
錧,ʑ,ُꐮ,ʑ,1000,1.7KM2,錧gcynǎ,,"53.9.1,54.2.28",438
錧,s,䒠,"Be,ʑ","4000,,500","30.0KM2,23.0KM2",s,,"53.6.27,53.12.23",514
錧,gc,ُꐮ,"Be,ʑ","8000,,1000","25.0KM2,1.2KM2",錧gcynǎ,,"53.8.11,54.2.20",518
錧,cs,H䒠,"Be,Be,ʑ","4000,,8000,,1000","4.2KM2,74.3KM2,2.4KM2",cs,,"53.8.21,54.3.8",524
錧,s,v,"Be,ʑ","3500,,500","7.8KM2,0.2KM2",s,,"53.9.12,53.10.20",525
錧,cs,H䒠,"Be,ʑ","6000,,1000","412.3KM2,29.5KM2",錧,,"53.9.19,54.3.25",541
錧,"Ja,v",ssv,"Be,ʑ,ʑ","30000,,2500,,10000","76.2KM2,27.6KM2,34.2KM2",錧,,"53.9.25,54.3.25",599
錧,"{,j",Hpn,"Be,ʑ,ʑ","8000,,1000,,2500","7.5KM2,4.1KM2,4.1KM2",nUc,,"53.10.13,54.2.13",623
錧,s,ssv,"Be,ʑ,k,k","12500,,2500,,10000,,25000","152.6KM2,107.3KM2,45.3KM2,45.3KM2",s,,"53.10.3,54.3.31",644
錧Ȗ،,"ks,s,,a,쑺,ߐ{,߉ϐ쒬",Xђ,Be,20000,1166.0KM2,֓Mzŋ,,"53.10.20,53.11.30",648
錧,s,H,ʑ,1000,2.2KM2,錧헤cy؎,,"53.11.2,54.3.31",651
錧,"yYs,s,É͎s,㒬,a,܉",nՕϓ,,,240.0km,錧,,"53.12.1,54.3.31",653
錧,,Ǔ}쐬,ʑ,2500,135.5KM2,֓nYH,,"53.9.27,54.3.15",717
錧,,͐Ǘ,,,277.0km,֓nYH,,"53.10.30,54.3.22",745
錧,͓,yn,"Be,ʑ","8000,,1000","10.0KM2,3.7KM2",錧]ˍynǎ,,"53.10.31,54.1.31",817
錧,Jc,H䒠,"Be,ʑ","6000,,1000","79.9KM2,79.9KM2",Jc,,"53.12.10,55.2.25",912
錧,Ja,H䒠,"Be,ʑ","6000,,1000","34.2KM2,34.2KM2",Ja,,"53.12.10,54.3.25",913
錧,"ks,s,s,\",͐䒠,"Be,ʑ","6000,,1000","76.8KM2,14.9KM2",錧,,"53.12.1,54.3.25",915
錧,yYs,nՕϓ,,,31.0km,yYs,,"53.12.24,54.3.31",933
錧,␣,ُꐮ,"Be,ʑ","8000,,1000","19.0KM2,5.3KM2",錧˓ynǎ,,"54.1.20,54.3.20",934
錧,}g,ُꐮ,"Be,ʑ","8000,,1000","18.0KM2,6.6KM2",錧yYynǎ,,"54.1.10,54.3.31",1049
錧,a,v,"Be,ʑ","4000,,500","3.7KM2,2.5KM2",a,,"54.2.2,54.3.30",1070
錧,",",yn,ʑ,1000,1.3KM2,錧gcynǎ,,"54.2.22,54.3.30",1150
Ȗ،,M,H䒠,ʑ,1000,5.4KM2,M,,"53.4.10,53.6.20",30
Ȗ،,"s,ߐ{,߉ϐ쒬,cs",Xьv,Be,16000,951.0KM2,Ȗ،,,"53.4.28,53.10.31",87
Ȗ،,p,䒠,"Be,ʑ","4000,,500","3.2KM2,1.5KM2",p,,"53.3.31,53.5.30",94
Ȗ،,΋,H䒠yѓssv,ʑ,1000,22.8KM2,΋,,"53.8.18,54.1.13",477
Ȗ،,s,v,"Be,ʑ","4000,,500","15.0KM2,4.2KM2",s,,"53.8.9,53.12.25",515
Ȗ،,IR,Lіoc,"},E",",,","4point,4.5km",Ocы,,"53.10.1,53.10.30",526
Ȗ،,"Rs,Ȗ؎s,s,M,啽,",nՕϓ,,,253.0km,Ȗ،,,"53.12.1,54.1.31",841
Ȗ،,J,H䒠,"Be,ʑ","8000,,1000","69.0KM2,69.0KM2",J,,"53.12.15,54.3.25",932
Ȗ،,͓,搮,",","500,,1000","2.1KM2,2.1KM2",{Zc,,"54.3.1,55.2.29",950
Ȗ،,sL,H䒠,"Be,ʑ","8000,,1000","140.0KM2,6.7KM2",sL,,"53.12.25,54.3.20",997
Ȗ،,"ss,J,",Sv,"Be,ʑ","12500,,2500","17.0KM2,95.0KM2",{S݌cx,,"54.2.5,54.3.25",1051
Ȗ،,s,H䒠yщ䒠,"Be,Be,ʑ,ʑ","4000,,8000,,500,,1000","16.0KM2,320.0KM2,10.1KM2,130.0KM2",s,,"54.2.20,57.3.31",1052
Ȗ،,Fs{s,H䒠,"Be,Be,ʑ,ʑ","4000,,7000,,500,,1000","100.0KM2,312.5KM2,7.8KM2,12.4KM2",Fs{s,,"54.2.5,54.8.10",1063
Ȗ،,s,_v,"Be,ʑ","8000,,1000","7.0KM2,3.6KM2",JcvJ,,"54.1.17,54.3.30",1064
Ȗ،,͓,H䒠,"Be,ʑ","8000,,1000","48.0KM2,6.5KM2",͓,,"54.1.27,54.8.31",1065
Ȗ،,Ζؒ,H䒠,"Be,ʑ","8000,,1000","172.5KM2,172.5KM2",Ζؒ,,"54.2.,54.3.",1066
Ȗ،,F꒬,H䒠,"Be,ʑ","8000,,1000","70.4KM2,13.7KM2",F꒬,,"54.1.13,56.3.10",1067
錧,"J,s,Cs",͐C,"Be,ʑ","8000,,1000","100.0KM2,8.9KM2",֓n㗬H,,"54.1.24,54.3.29",1069
Ȗ،,vq,H䒠,"Be,ʑ,ʑ","4000,,8000,,1000","19.6KM2,90.8KM2,8.8KM2",vq,,"54.2.24,54.7.31",1149
Qn,㒬,_v,ʑ,1000,1.5KM2,Jcޗǖ_,,"53.3.9,53.5.31",25
Qn,,搮,,500,0.3KM2,,,"53.4.3,53.6.23",26
Qn,"as,s,s,Os,g,Y,ʑ,V,쌴,ڗ,Ò,R,Ȓ",Xьv,"Be,ʐ}","20000,,5000","613.0KM2,15.0KM2",Qn,,"53.5.1,54.1.15",31
Qn,xm,ssv,"Be,ʑ","12500,,2500","35.0KM2,35.0KM2",xm,,"53.5.20,53.9.20",119
Qn,kk,ssv,"Be,ʑ","12500,,2500","20.0KM2,20.0KM2",kk,,"53.5.20,53.9.20",120
Qn,㒬,_v,ʑ,1000,1.0KM2,Jcޗǖ_,,"53.5.8,53.6.15",172
Qn,Еi,hv,"Be,Be,ʑ,ʑ","8000,,15000,,1000,,2500","23.6KM2,51.5KM2,0.8KM2,13.5KM2",֓n쐅nhH,,"53.6.1,53.10.16",230
Qn,"㒬,V,",_Ǘ,"Be,ʑ","15000,,2500","135.0KM2,16.4KM2",֓n_Ǘ,,"53.4.29,53.11.14",252
Qn,{鑺,ssv,"Be,Be,ʑ,ʑ","15000,,20000,,2500,,5000","55.0KM2,52.0KM2,25.0KM2,23.5KM2",{鑺,,"53.8.1,53.12.20",406
Qn,V,Lі쏊Ǌ,},,2point,֓nH,,"53.9.1,53.9.31",407
Qn,"Z,V",d͒,ʐ},5000,4.7KM2,ʏYƏȎGlM[vƕ,,"53.9.11,53.11.10",451
Qn,"ٗюs,cs,q,a,c,Wy,,,Vc",nՕϓ,,,177.0km,Qn,,"53.12.1,54.2.28",744
Qn,g,ُꐮ,},,1point,Qnpynǋ,,"53.11.13,53.12.28",829
Qn,Vc,ssv,"Be,ʑ","12500,,2500","38.2KM2,38.2KM2",Vc,,"53.10.31,54.3.31",842
Qn,,搮,,500,0.2KM2,,,"53.12.16,54.1.31",869
Qn,,͐v,"Be(J[),Be(J[)","12500,,5000","250.0KM2,250.0KM2",֓nH,,"53.11.7,54.11.6",875
Qn,cs,H䒠,"Be,ʑ","4000,,500","13.0KM2,2.3KM2",cs,,"54.1.5,54.5.30",952
ʌ,Rs,ssv,"Be,ʑ","12500,,2500","66.1KM2,66.1KM2",Rs,,"52.12.20,53.5.30",10
ʌ,F쒬,ssv,"Be,ʑ","15000,,2500","20.0KM2,7.9KM2",F쒬,,"53.4.1,53.6.30",123
ʌ,{s,ُꐮ,"Be,ʑ","8000,,1000","24.0KM2,8.0KM2",ʌ{ynǎ,,"53.5.31,53.6.30",180
ʌ,gc,_,"Be,ʑ","15000,,2500","110.0KM2,66.8KM2",ʌynǒ,,"53.6.6,53.8.31",247
ʌ,ts,J,"_,_",",,","39point,243point",ts,,"53.7.12,54.1.31",364
ʌ,s,ssv,"Be,ʑ","12500,,2500","25.3KM2,25.3KM2",s,,"53.7.31,53.10.10",436
ʌ,s,v,"Be,ʑ","3000,,500","0.8KM2,0.8KM2",s,,"53.7.31,53.11.30",4362
ʌ,as,Hv,"Be,ʑ","3000,,500","1.2KM2,0.2KM2",as,,"53.8.28,53.10.15",521
ʌ,zs,͐쒲,Be,15000,157.5KM2,֓nr㗬H,,"53.7.16,53.9.18",542
ʌ,"s,ꑺ,_,쒬,r쑺,,gc,_,F쒬,Ғ",Xьv,"Be,ʐ}","20000,,5000","363.0KM2,90.0KM2",ʌ,,"53.8.30,54.1.17",598
ʌ,s,ssv,"Be,ʑ","12500,,2500","117.0KM2,71.8KM2",s,,"53.10.31,54.2.28",742
ʌ,,Hv,,500,1.5KM2,,,"53.11.29,54.3.25",763
ʌ,"K蒬,˒,a,{㒬,ts",_Ɨp,"Be,Be,ʑ,ʑ","8000,,30000,,1000,,10000","44.0KM2,100.0KM2,3.0KM2,40.5KM2",ʌ쐅n_Ɛ,,"53.11.25,54.3.20",816
ʌ,,ssv,"Be,ʑ","30000,,10000","47.3KM2,47.3KM2",,,"53.11.24,54.3.20",840
ʌ,,nՕϓ,,,1268.0km,ʌ,,"53.11.7,54.2.28",873
ʌ,zs,䒠,"Be,ʑ","4000,,500","4.2KM2,2.1KM2",zs,,"53.12.1,53.12.30",878
ʌ,"߃,јCR,z,R",ssv,"ʑVK,ʑC","2500,,2500","42.0KM2,72.0KM2",߃,,"53.12.8,54.3.25",884
ʌ,zJs,H},"Be,ʑ","4000,,500","59.7KM2,59.7KM2",zJs,,"53.12.1,54.2.28",911
ʌ,ɓޒ,Sv,"Be,ʑ","3000,,500","8.0KM2,1.8KM2",{LSOH,,"53.12.18,54.4.11",931
ʌ,,nׂ蒲,"Be,ʑ","8000,,1000","1.9KM2,0.8KM2",ʌ,,"54.2.5,54.3.22",1050
t,"ss,ts,Όs,,,q,\㗢,Ԕ,PY",Xьv,"Be,ʐ}","17000,,5000","549.0KM2,165.0KM2",t,,"53.5.11,54.2.28",121
t,ss,yn,ʑ,1000,5.5KM2,tynǎ,,"53.6.20,53.8.28",229
t,PJs,ssv,"Be,ʑ","12500,,2500","45.0KM2,20.5KM2",Js,,"53.8.3,53.12.20",441
t,"s,cs,qs,s,ss,ts,s,_蒬,Ò,,h,X䒬,xs,Ō,\㗢,ŎR",H䒠,"Be,ʑ","8000,,1000","750.0KM2,20.0KM2",t,,"53.7.27,54.3.31",522
t,s,ssv,"Be,ʑVK,ʑC","12500,,2500,,2500","51.2KM2,30.0KM2,21.2KM2",s,,"53.10.30,54.3.20",616
t,xÎs,ُꐮ,"Be,ʑ","8000,,1000","13.0KM2,3.0KM2",xÎs,,"53.10.30,54.3.20",749
t,"cs,Rs,ˎs,PJs,ss,Ds,Kus,ts,s,s,䑷qs,Y,쒬,䒬",nՕϓ,,,790.0km,t,,"53.11.10,54.3.25",812
t,"ts,ss,؍XÎs,xÎs,NÎs,PY",nՕϓ,,,400.0km,t,,"53.11.10,54.3.25",812-2
t,"X,,h,Ԕ,\㗢,,R,@,{,q,쒬,r,命쒬,΋,,Όs,s",nՕϓ,,,710.0km,t,,"53.11.10,54.3.25",812-3
t,"cs,qs,h,X䒬,lX,x",nՕϓ,,,330.0km,t,,"53.11.10,54.3.25",812-4
t,ˎs,ssv,"Be,ʑ","12500,,2500","61.2KM2,18.0KM2",ˎs,,"53.10.27,54.3.24",813
t,s,_nv,"Be,ʑ","7000,,1000","10.0KM2,3.0KM2",s,,"53.10.22,54.1.28",818
t,s,ُꐮ,"Be,ʑ","8000,,1000","10.0KM2,2.6KM2",tynǋ,,"53.12.11,54.3.25",876
t,R,v,"Be,ʑ","15000,,2500","51.0KM2,51.0KM2",R,,"53.11.10,53.3.31",919
t,Y,ssv,ʑ,2500,15.6KM2,Y,,"54.2.1,54.3.25",1068
s,,H䒠,",p","500,,","1.2KM2,80point",,,"53.4.28,54.3.31",27
s,s,H䒠,_,,25.6km,s,,"53.6.1,54.3.31",122
s,Vh,H䒠,_,,57point,Vh,,"53.5.15,53.10.31",169
s,"c,i,`,]ː,,],aJ,ڍ,cJ,]s,zs,Os,{s,s,s,s,s",ssv,"Be,ʑ","10000,,2500","390.0KM2,390.0KM2",s,,"53.6.20,54.3.31",171
s,},Xьv,E,,15.0km,cы,,"53.7.1,54.3.31",173
s,"Hs,qs,䒬,̏o,w,",Xьv,Be,16000,411.0KM2,s,,"53.6.10,53.9.30",179
s,s,H䒠,p,,24.7km,s,,"53.6.19,53.12.28",227
s,cs,v,ʑ,500,1.1KM2,cs,,"53.5.12,53.7.15",246
s,{s,H䒠,,500,1.8KM2,{s,,"53.7.1,53.12.15",344
s,,Ǘ,,500,0.3KM2,skΒn,,"53.8.26,53.11.30",475
s,s,v,_,,12point,s,,"53.9.1,53.12.21",520
s,qs,v,"Be,ʑ,","3000,,500,,","25.8KM2,25.8KM2,55.0km",qs,,"53.8.16,54.5.31",600
s,,v,"Be,ʑ","3000,,500","5.3KM2,0.4KM2",skΒn,,"53.11.1,54.3.31",602
s,Rs,H䒠,,500,0.3KM2,s,,"53.10.5,54.1.31",606
s,,nՕϓ,,,1003.0km,sy؋Zp,,"53.11.5,54.3.31",743
s,Rs,H䒠,,500,0.8KM2,Rs,,"53.10.16,53.12.10",747
s,"~s,䒬,̏o,w,",Rђ,Be,25000,660.0KM2,ŋ,,"53.9.27,53.11.30",784
s,",`,i,c",nՕϓ,,,200.0km,s`p,,"53.12.15,54.3.31",814
s,,H䒠,,500,0.2KM2,,,"53.11.8,54.3.31",874
s,cs,v,ʑ,500,0.7KM2,cs,,"53.11.15,54.1.19",879
s,s,H䒠,p,,260point,s,,"53.12.23,54.2.28",883
s,cs,v,_,,71.5km,cs,,"53.11.30,54.3.20",914
s,qs,搮,",","500,,1000","1.1KM2,1.1KM2",{Zc,,"54.2.10,55.1.31",951
s,]ː,H䒠,_,,32point,]ː,,"54.4.1,54.9.30",1046
_ސ쌧,"cs,쑫s,`s,؎s,ɐs,ˎs,䒬,䒬,c,Rk,J,,^ߒ,͌,钬,{,쒬,쑺",Xђ,Be,20000,951.0KM2,_ސ쌧,,"53.5,53.7",92
_ސ쌧,͌s,H䒠,,500,3.2KM2,͌s,,"53.5.22,54.2.26",93
_ސ쌧,{s,v,"Be,ʑ","4000,,500","4.2KM2,0.3KM2",{s,,"53.5.11,53.9.7",175
_ސ쌧,s,Hv,"Be,ʑ","4000,,500","15.0KM2,1.2KM2",s,,"53.5.23,53.8.21",178
_ސ쌧,͌s,ssv,"Be,ʑ","12500,,2500","135.3KM2,90.8KM2",͌s,,"53.6.26,54.2.19",181
_ސ쌧,؎s,"C,ssv",ʑ,2500,60.0KM2,؎s,,"53.6.15,53.8.30",228
_ސ쌧,ls,H䒠,ʑ,500,47.4KM2,ls,,"53.4,54.3.31",248
_ސ쌧,ls,H䒠,_,,752.3km,ls,,"53.4.19,53.6",249
_ސ쌧,{s,`p,_,,3point,"`p݋,{`H",,"53.6.21,53.7.15",253
_ސ쌧,s,nՒ,,,31.0km,s,,"53.10.1,54.1.31",307
_ސ쌧,s,v,ʑ,500,6.8KM2,s,,"53.8.15,55.3.30",363
_ސ쌧,s,H䒠,,500,51.2KM2,s,,"53.7.25,54.3.31",408
_ސ쌧,s,nՒ,,,280.0km,s,,"53.9.1,54.3.31",474
_ސ쌧,؎s,nՒ,,,24.0km,؎s,,"53.12.1,54.2.28",517
_ސ쌧,s,Hv,,500,0.1KM2,s,,"53.9.20,53.11.20",519
_ސ쌧,CVs,nՒ,,,62.0km,CVs,,"53.11.1,54.1.31",603
_ސ쌧,OYs,ssv,ʑ,2500,24.2KM2,OYs,,"53.10.2,54.2.28",605
_ސ쌧s,"ls,cs",搮,"_,,,",",,500,,1000,,2500","14point,1.2KM2,1.2KM2,1.2KM2",{Zc,,"53.11.1,54.9.30",608
_ސ쌧,ˎs,nՒ,,,120.0km,ˎs,,"53.10.6,54.3.31",622
_ސ쌧,ls,Sv,"Be,ʑ","4000,,500","8.5KM2,2.1KM2",{LSH,,"53.10.30,54.2.15",646
_ސ쌧,쒬,nՒ,,,21.0km,쒬,,"53.12.1,54.1.31",649
_ސ쌧,qs,nՒ,,,8.1km,qs,,"53.11.20,54.3.31",718
_ސ쌧,쑫s,H䒠,,500,0.2KM2,쑫s,,"53.10.20,54.3.31",719
_ސ쌧,Ps,nՒ,,,46.7km,s,,"53.11.20,54.1.31",748
_ސ쌧,"؎s,CVs",Hv,"Be,ʑ","8000,,1000","13.6KM2,0.4KM2",_ސ쌧,,"53.11.20,54.3.25",758
_ސ쌧,ls,nՒ,,,485.0km,ls,,"53.11.21,54.3.31",811
_ސ쌧,cs,v,"Be,ʑ","4000,,500","4.4KM2,2.8KM2",cs,,"53.11.1,54.3.31",821
_ސ쌧,͌s,搮,p,,3point,͌s,,"53.12,54.2",828
_ސ쌧,ˎs,ssv,"Be,ʑ","40000,,10000","67.9KM2,67.9KM2",ˎs,,"53.8.6,54.2.20",843
_ސ쌧,ˎs,H䒠,ʑ,500,1.9KM2,ˎs,,"53.10.16,54.3.10",844
_ސ쌧,"as,͌s,Ԏs,CVs,,s,ls",v,"Be,ʑ,҂","30000,,10000,,10000","144.0KM2,28.6KM2,102.4KM2",_ސ쌧,,"53.11.30,54.3.25",877
_ސ쌧,͌,ssv(C),"Be,ʑ","12500,,2500","43.7KM2,9.7KM2",͌,,"53.12.26,54.3.31",998
_ސ쌧,CVs,H䒠,_,,30point,CVs,,"53.11.17,54.3.31",1048
R,͌Β,ssv,"Be,ʑ","12500,,2500","36.0KM2,14.0KM2",͌Β,,"53.5.1,53.7.31",117
R쌧,"B,xm",hv,"Be,Be,ʑ","8000,,15000,,1000","31.2KM2,60.0KM2,7.4KM2",֓nxm썻hH,,"53.9.11,53.11.15",604
R,Rs,搮,,500,0.2KM2,Rs,,"53.8.19,53.11.16",607
R,"Bs,쒬,䒬,쑺",hv,"Be,ʑ","12500,,2500","130.0KM2,26.8KM2",֓nxm썻hH,,"53.10.25,54.3.9",647
R,쒬,hv,ʑ,1000,4.2KM2,֓nxm썻hH,,"53.9.12,54.1.9",741
R,"Θa,b{s,",nՒ,,,40.4km,R,,"53.11.1,53.12.25",781
R,"Rs,Rs,t,",ssv,"ʑVK,ʑC","2500,,2500","21.0KM2,46.0KM2",Rs,,"53.11.30,54.3.20",819
R쌧,"B,xm",hv,ʑ,1000,5.5KM2,֓nLxm썻hH,,"53.11.30,54.1.15",882
R,Rs,yn,ʑ,1000,5.4KM2,RJ쉈ݓynǎƏ,,"53.10.2,54.1.28",917
R,ac,ssv,"Be,ʑ","12500,,2500","30.2KM2,28.3KM2",ac,,"53.10.30,54.2.20",918
R,,H䒠,"Be,ʑ","4000,,500","155.0KM2,8.6KM2",R,,"53.12.1,54.3.25",930
R,Rs,񂪂r,ʑ,1000,1.3KM2,RJ쉈ݓynǎƏ,,"54.1.18,54.3.10",1001
쌧,"cs,Xs,s,{s,s,юRs,Rm,ؓ,򉷐,z{,R,h,MZ,쑺,эj,钬",Xьv,Be,16000,1800.0KM2,쌧,,"53.4.24,53.11.30",28
쌧,㏼,hv,ʑ,1000,3.6KM2,"n,H",,"53.6.10,53.9.11",145
쌧,,Xђ,Be,20000,2864.0KM2,і쒡,,"53.5,53.10",167
쌧,"ɓߎs,s",͐v,ʑ,2500,28.5KM2,nV㗬H,,"53.5.16,53.9.12",170
쌧,Ks,v,"Be,ʑ","4000,,1000","3.9KM2,1.3KM2",Ks,,"53.6,53.9",177
쌧,Js,v,"Be,ʑ","4000,,500","3.0KM2,1.3KM2",Js,,"53.6.3,53.8.31",251
쌧,쒬,_,"ʑ,ҏW","5000,,10000","41.5KM2,41.5KM2",쒬,,"53.6.10,53.7.31",254
쌧,"y,q",E,"},p",",,","1point,10.0km",cы,,"53.7.20,53.10.30",306
쌧,쒬,_v,ʑ,2500,3.8KM2,nV㗬H,,"53.8.4,53.12.1",439
쌧,瑺,ssv,"Be,ʑ","10000,,2500","16.5KM2,7.5KM2",瑺,,"53.7.1,53.9.31",440
쌧,ɓߎs,ssv,ʑ,2500,26.7KM2,ɓߎs,,"53.8.30,53.12.10",471
쌧,n,hv,"ʑ,ҏW","2500,,2500","14.8KM2,21.7KM2",kn{hH,,"53.9.1,53.12.3",516
쌧,ܑ,hv,ʑ,2500,14.9KM2,kn{hHX,,"53.8.18,54.1.14",523
쌧,юRs,ssv,ʑ,2500,29.5KM2,쌧юRݎ,,"53.10.20,54.1.31",645
쌧,"s,Rm,򉷐",ssv,"ʑVK,ʑC,ʑ","2500,,2500,,10000","23.8KM2,32.7KM2,56.5KM2",쌧쌚ݎ,,"53.9.20,54.2.28",783
쌧,s,ssv,ʑ,2500,43.5KM2,s,,"53.10.5,54.2.28",783
쌧,"ؑ],K",hv,"Be,ʑ","8000,,1000","37.7KM2,1.8KM2","n,H",,"53.11.21,54.2.28",822
쌧,s,ёьv,"Be,ʐ}","20000,,5000","55.0KM2,36.0KM2",nV㗬H,,"53.11.3,54.2.10",867
쌧,cs,ssv,ʑ,2500,22.8KM2,쌧cݎ,,"53.10.14,54.3.10",881
쌧,䍂,ssv,"Be,ʑ","8000,,2500","85.0KM2,43.1KM2",쌧LȌݎ,,"53.12.20,54.3.20",999
V,",Ð쒬,O쑺,,쑺",Xьv,"Be,ʑ","20000,,5000","730.0KM2,80.0KM2",V,,"53.4.20,53.12.31",46
V,"Vcs,LY,_",Xьv,"Be,ʐ}","20000,,5000","700.0KM2,90.0KM2",V,,"53.4.21,53.12.31",47
V,"Rk,,s",L撲,҂,10000,370.0KM2,zƎƒc,,"53.6.1,53.9.20",74
V,,Hv,ʑ,1000,0.6KM2,kncH,,"53.5.23,53.7.11",128
V,c,_nJ,"Be,ʑ","8000,,1000","6.0KM2,0.5KM2",k_,,"53.5.23,53.7.20",182
V,"Ȕs,s,Vcs,c",Lіoc,"ʑ,},E","5000,,,,","28.0KM2,25point,75.2km",Ocы,,"53.6,53.11",197
V,,Hv,p,,12.0km,{Hc񌚐݋Ǌ։zglH,,"53.6.20,53.7.31",215
V,Z,Ǔ},"ʑVK,ʑC","5000,,5000","36.9KM2,17.4KM2",Z,,"53.6.5,53.9.22",238
V,s,ُꐮ,"Be,ʑ","8000,,1000","12.9KM2,4.2KM2",MZ썶ݓynǋ,,"53.6.12,53.10.9",239
V,"zH,Js",ُꐮ,ʑ,1000,9.3KM2,MZ썶ݓynǋ,,"53.6.12,53.10.9",240
V,ac,ُꐮ,"Be,ʑ,ʑ","8000,,1000,,5000","82.0KM2,4.3KM2,4.3KM2",ac,,"53.5.7,53.8.28",241
V,s,H䒠,"Be,ʑ","8000,,1000","374.0KM2,32.3KM2",s,,"53.5.20,55.3.31",278
V,"Vs,Lhs,VÎs,s,",nՒ,,,185.0km,k_,,"53.8.1,53.9.30",315
V,Vs,nՒ,,,68.0km,V,,"53.8.21,54.3.24",317
V,zs,nՒ,,,135.0km,V,,"53.8.21,53.10.31",318
V,s,nՒ,,,95.0km,V,,"53.8.21,53.10.31",319
V,"Z,",nՒ,,,50.0km,V,,"53.8.21,53.10.31",320
V,呺,v,ʑ,2500,5.5KM2,呺,,"53.8.1,53.8.15",322
V,c㒬,ssv,"Be,ʑ,҂","12500,,2500,,2500","31.5KM2,24.0KM2,7.5KM2",c㒬,,"53.7.15,53.10.31",352
V,Vs,`v,,,25.0km,"`p݋,V`H",,"53.8.25,53.12.20",418
V,s,hv,"ʑ,k","1000,,2500","8.3KM2,8.3KM2",kn{hH,,"53.7.30,53.10.7",422
V,\s,ssv,ʑ,2500,29.2KM2,\s,,"53.9.1,54.2.28",444
V,,Lіoc,"},E",",,","6point,6.0km",Ocы,,"53.8.28,53.9.30",527
V,",",@{s,"Be,ʑ","25000,,5000","140.0KM2,43.0KM2",hq{݋,,"53.9.21,53.12.10",552
V,s,hv,"Be,ʑ","12500,,2500","42.0KM2,11.7KM2",kn{hH,,"53.7.29,53.11.1",560
V,Vs,ssv,"Be,ʑ","30000,,10000","209.0KM2,87.0KM2",Vs,,"53.9.20,54.1.17",561
V,s,H䒠,"Be,ʑ","4000,,500","17.9KM2,2.2KM2",s,,"53.10.1,54.2.28",586
V,z,v,"Be,ʑ","4000,,500","4.4KM2,0.9KM2",z,,"53.10.10,54.3.20",587
V,\s,_nJ,ʑ,1000,2.0KM2,k_,,"53.10.18,54.3.10",610
V,"\s,",_nJ,ʑ,1000,2.2KM2,k_,,"53.10.18,54.3.10",611
V,F,,"Be,ʑ,ʑ","4000,,500,,1000","35.0KM2,0.9KM2,1.5KM2",F,,"53.11.4,54.3.31",721
V,"zs,Vs",Hv,"Be,ʑ","20000,,5000","24.0KM2,19.6KM2",kncH,,"53.10.1,54.1.28",722
V,"o_蒬,,⎺,",͐v,"Be,ʑ","8000,,1000","19.0KM2,4.3KM2",V,,"53.10.25,54.1.17",730
V,Vs,͐v,ʑ,2500,36.0KM2,knH,,"53.11.27,54.3.15",789
V,"_ё,r쒬,,쑺",͐C,ʑ,5000,46.7KM2,V,,"53.12.8,54.2.28",886
V,s,͐v,"Be,ʑ,ʑ","4000,,500,,1000","12.0KM2,1.6KM2,2.1KM2",V,,"54.2.5,54.3.31",1006
V,,ssv,"Be,ʑVK,ʑC","12500,,2500,,2500","45.0KM2,7.2KM2,14.8KM2",,,"54.1.26,54.3.31",1041
xR,R,ssv,ʑ,2500,4.4KM2,R,,"53.4.10,53.6.30",11
xR,쒬,y뉘΍􎖋,ʑ,1000,0.5KM2,"xR,xR_nі",,"53.6.2,53.7.25",125
xR,Rc,nׂ΍,"Be,ʑ","8000,,1000","4.1KM2,1.3KM2","xR,xR_nі",,"53.6.5,53.8.31",126
xR,s,H䒠,"Be,ʑ","4000,,500","118.0KM2,19.8KM2",s,,"53.7.1,56.7.1",235
xR,Xs,hЃ_,ʑ,1000,0.7KM2,xR_nі,,"53.6.22,53.8.10",236
xR,R,Ǔ}쐬,"Be,ʑ,ʑ,ʑ","20000,,5000,,10000,,20000","99.0KM2,22.6KM2,22.6KM2,22.6KM2",R,,"53.7.20,54.3.20",316
xR,R,NR̉ƌ݌v,"Be,ʑ","8000,,1000","4.1KM2,1.2KM2",xR,,"53.6.17,53.8.19",350
xR,"R,R",hv,"Be,ʑ","8000,,1000","20.5KM2,3.2KM2",knRhH,,"53.8.1,53.12.23",397
xR,"xRs,w,쒬",y뉘΍,ʑ,1000,2.8KM2,xRxR_nі,,"53.8.25,53.9.30",442
xR,R,hv,ʑ,2500,3.2KM2,knRhH,,"53.8.31,53.11.17",465
xR,Îs,搮,,500,0.3KM2,xR,,"53.9.21,54.3.26",506
xR,s,搮,,500,0.7KM2,xR,,"53.9.21,54.3.26",507
xR,Fތ,_v,_,,8.0km,knH,,"53.7.10,53.10.13",508
xR,"xRs,Vs,s,,,哇",nՒ,,,70.0km,xR,,"53.10.15,54.1.31",562
xR,,y뉘΍,"Be,ʑ","8000,,1000","8.8KM2,1.5KM2",xRxR_nі,,"53.10.16,53.12.20",615
xR,xRs,H䒠,ʑ,1000,17.0KM2,xRs,,"53.10.14,54.10.30",654
xR,s,搮,,500,0.2KM2,s,,"53.10.27,53.12.20",655
xR,s,ُꐮ,ʑ,1000,1.1KM2,synǋ,,"53.11.10,53.12.30",723
xR,,H䒠,Be,4000,26.7KM2,,,"53.11.10,53.12.20",724
xR,Xs,H,"Be,ʑ","8000,,2500","22.1KM2,4.6KM2",knxRH,,"53.11.2,54.3.2",727
xR,,y뉘΍􎖋,ʑ,1000,2.3KM2,xRxR_nі,,"53.11.21,54.3.15",885
xR,xRs,`,,,2.0km,xR,,"54.1.10,54.3.24",935
xR,s,搮,,500,1.1KM2,s,,"54.1.15,54.6.30",1003
ΐ쌧,R,͐쑍J,_,,24point,ΐ쌧͐J,,"53.5.1,53.7.31",183
ΐ쌧,,E,"},E",",,","2point,8.5km",cы,,"53.8.21,53.9.11",198
ΐ쌧,咬,ssv,"ʑ,ʑ","2500,,10000","18.0KM2,18.0KM2",咬,,"53.5.30,53.7.31",199
ΐ쌧,Cs,ssv,ʑ,2500,18.5KM2,Cs,,"53.5.10,53.8.31",214
ΐ쌧,s,Xьv,ʐ},5000,82.5KM2,ΐ쌧,,"53.7,53.12.10",260
ΐ쌧,֓s,`pv,_,,13point,"`p݋,`H",,"53.7.22,53.8.31",321
ΐ쌧,,_,ʑ,5000,182.9KM2,ΐ쌧֓ynǎ,,"53.7.24,53.8.30",323
ΐ쌧,c,_,"ʑVK,ʑC","5000,,5000","84.4KM2,20.6KM2",ΐ쌧֓ynǎ,,"53.7.29,53.8.25",351
ΐ쌧,s,nՒ,,,30.0km,ΐ쌧,,"53.8.15,53.9.30",393
ΐ쌧,,v,ʑ,5000,48.0KM2,,,"53.7.10,53.8.19",396
ΐ쌧,",","_Ǘ,hv","Be,Be,ʑ,ʑ","8000,,12500,,1000,,2500","5.4KM2,78.4KM2,2.2KM2,25.0KM2",knH,,"53.10.12,54.3.26",670
ΐ쌧,֓s,H䒠,"Be,ʑ","8000,,1000","271.0KM2,14.1KM2",֓s,,"53.10.26,55.3.31",725
ΐ쌧,Ô,Hv,"Be,ʑ","8000,,1000","11.0KM2,2.8KM2",knH,,"53.11.1,54.3.10",728
ΐ쌧,"s,咬,FmC,Ô",v,p,,15point,k_ǉ͖k񌚐ݎƏ,,"54.1.30,54.3.26",1002
䌧,,nՒ,,,135.0km,䌧,,"53.10.1,53.11.30",419
䌧,"ۉ,",v,"Be,ʑ","12500,,2500","29.0KM2,12.0KM2",䌧y؎,,"53.8.23,53.11.22",464
䌧,ls,ssv,"Be,ʑ","12500,,2500","26.9KM2,26.9KM2",ls,,"53.9.11,53.12.28",505
䌧,s,ssv,"Be,ʑ","12500,,2500","180.0KM2,121.0KM2",s,,"53.10.26,54.2.28",671
䌧,"s,Rs",_Ǘ,"Be,ʑVK,ʑC","12500,,2500,,2500","115.0KM2,18.7KM2,28.7KM2",ߋEn^_H,,"53.11.9,54.3.10",729
䌧,s,Sv,"Be,ʑ","4000,,500","3.8KM2,1.0KM2",{LS򕌍H,,"53.11.15,54.3.31",731
䌧,Rs,H䒠,Be,4000,82.0KM2,Rs,,"54.2.20,54.3.20",1107
򕌌,s,ssv,"Be,ʑ","12500,,2500","20.6KM2,20.6KM2",s,,"53.5.1,53.7.31",55
򕌌䌧,",,a,a",L撲,҂,10000,510.0KM2,zƎƒc,,"53.6.1,53.9.20",74
򕌌,,͐v,ʑ,500,3.2KM2,nؑ]㗬H,,"53.5.15,53.8.25",98
򕌌,,͐C,ʑ,500,3.0KM2,nؑ]㗬H,,"53.5.25,53.8.29",99
򕌌,"Hs,,֔V",͐v,ʑ,1000,2.9KM2,nؑ]㗬H,,"53.7.5,53.10.12",335
򕌌,֎s,ssv,ʑ,2500,9.4KM2,֎s,,"53.8.1,53.9.11",357
򕌌,,͐쒲,Be,10000,333.0KM2,nؑ]㗬H,,"53.7.18,53.9.15",368
򕌌,ys,nׂ΍,"Be,ʑ","8000,,1000","5.5KM2,0.2KM2","򕌌,y؎",,"53.8.1,53.9.20",413
򕌌,ZΎs,ssv,"Be,ʑVK,ʑC","12500,,2500,,2500","82.7KM2,4.8KM2,25.5KM2",ZΎs,,"53.8.14,53.10.9",423
򕌌,_s,v,ʑ,1000,8.5KM2,_s,,"53.8.14,53.10.28",424
򕌌,"Rs,ˎs,쑺",Xьv,Be,16000,1805.0KM2,򕌌,,"53.7,53.11.30",450
򕌌,,Xьv,Be,16000,593.0KM2,򕌌,,"53.8.1,53.11.30",511
򕌌,Ðs,Sv,"Be,ʑ,ʑ","4000,,500,,1000","1.2KM2,0.3KM2,0.3KM2",{LS򕌍H,,"53.10.20,54.3.31",593
򕌌,,͐쒲,,,105.3km,nؑ]㗬H,,"53.9.28,54.2.14",626
򕌌,,͐쒲,,,80.9km,nؑ]㗬H,,"53.9.28,54.2.14",627
򕌌,,͐쒲,,,83.7km,nؑ]㗬H,,"53.9.28,54.2.14",628
򕌌,,_v,"Be,ʑ","12500,,2500","50.7KM2,8.9KM2",kn_ʐ쐅nhH,,"53.10.27,54.3.20",726
򕌌,"CÒ,c,֔V,,n,ϒ,򕌎s,_s,{V",nՒ,,,120.0km,򕌌,,"53.11.21,53.12.31",791
򕌌,{,H䒠,"Be,ʑ","8000,,1000","125.0KM2,8.4KM2",{,,"53.11.1,55.5.31",823
򕌌,򕌎s,ssv,ʑ,2500,4.6KM2,򕌎s,,"54.2.16,54.3.26",1015
É,ɓ,`C,ʑ,1000,1.7KM2,ɓ,,"53.4.24,53.8.10",32
É,És,Xьv,ʑ,5000,133.1KM2,É,,"53.5.20,53.11.30",34
É,MCs,H䒠,"Be,Be,ʑ,ʑ","3500,,8000,,500,,1000","15.0KM2,62.4KM2,7.8KM2,1.5KM2",MCs,,"53.5.8,54.3.31",60
É,Y,ssv,"Be,ʑ","8000,,2500","23.5KM2,7.9KM2",Y,,"53.5.23,53.7.31",144
É,És,hv,ʑ,5000,60.2KM2,nÉ͐H,,"53.6.2,53.11.4",147
É,|s,ssv,"Be,Be,ʑ,ʑ,ʑ","12500,,20000,,2500,,5000,,10000","88.0KM2,98.0KM2,88.0KM2,98.0KM2,186.0KM2",|s,,"53.5.17,53.12.17",148
É,c,ssv,"Be,ʑ","10000,,2500","16.5KM2,15.9KM2",c,,"53.6.10,53.8.31",184
É,m,ssv,"Be,ʑ","10000,,2500","24.3KM2,23.4KM2",m,,"53.6.10,53.8.31",185
É,Îs,͐v,ʑ,2500,17.4KM2,nÍH,,"53.6.4,53.10.26",186
É,e쒬,ssv,"Be,ʑ","12500,,2500","63.5KM2,50.0KM2",e쒬,,"53.5.17,54.1.17",189
É,l,ssv,"Be,ʑ","10000,,2500","20.0KM2,16.0KM2",l,,"53.6.10,53.8.31",263
É,xm{s,XHv,ʑ,1000,3.4KM2,xm{s,,"53.7.20,53.12.20",354
É,És,H䒠,"Be,ʑ","8000,,1000","43.2KM2,5.1KM2",És,,"53.7.15,54.3.15",366
É,cs,ssv(C),ʑ,2500,13.3KM2,cs,,"53.8.20,53.11.30",425
É,"cs,}s,És,gc,썪{,X",Xэސϒ,Be,20000,460.0KM2,Éŋ,,"53.9.5,53.9.30",510
É,"xms,xm쒬",͐v,ʑ,1000,6.6KM2,֓nb{H,,"53.9.20,53.10.25",553
É,És,Hv,"Be,ʑ","3000,,500","4.8KM2,0.4KM2",És,,"53.10.12,54.2.28",706
ÉR,"xm{s,,F",nJ,ʑ,5000,70.0KM2,֓_,,"53.10.25,53.12.26",707
É,"O蒬,ǒ,Y,},e쒬,cs",_Ɨpv,ʑ,1000,80.5KM2,Éq̌_Ɨpݎ,,"53.11.18,54.3.25",790
É,ls,H䒠,"Be,ʑ","4000,,500","58.4KM2,29.0KM2",ls,,"53.10.25,54.3.25",661
É,R,ssv(C),"Be,ʑ","30000,,10000","188.3KM2,21.5KM2",R,,"53.11.13,54.3.25",888
É,{썪,n,ʑ,2500,13.0KM2,n_H,,"53.12.23,54.3.20",891
É,ĒÎs,C݌v,"Be,ʑ","8000,,1000","1.0KM2,1.0KM2",nÉ͐H,,"53.12.15,54.2.28",893
É,"ĒÎs,Îs",`䒠,"Be,ʑ","8000,,1000","4.6KM2,0.9KM2",É,,"53.12.21,54.3.25",898
É,cs,H䒠,"Be,ʑ","8000,,1000","35.0KM2,0.7KM2",cs,,"53.12.27,54.3.20",899
É,Vs,ssv,"Be,ʑ","12500,,2500","14.8KM2,14.8KM2",Vs,,"54.1.17,54.3.31",957
É,ΐs,r,"Be,ʑ","6000,,1000","3.6KM2,3.6KM2",C_,,"54.2.15,54.3.31",1007
É,Îs,Hv,"Be,ʑ","3000,,500","0.8KM2,0.1KM2",Îs,,"54.1.28,54.3.25",1008
É,És,_Ɛ,ʑ,1000,3.7KM2,"֓_,Ð_ƐƏ",,"54.1.22,54.3.31",1009
É,s,_Ɛ,ʑ,1000,2.8KM2,"֓_,Ð_ƐƏ",,"54.1.29,54.3.30",1010
É,"ǒ,l",_Ɨpv,ʑ,1000,12.2KM2,Éq̌_Ɨpݎ,,"54.1.27,54.3.25",1012
É,}s,H䒠,"Be,ʑ","8000,,500","22.0KM2,5.3KM2",}s,,"54.1.18,54.3.30",1014
É,}s,ssv,"Be,ʑ","8000,,1000","135.0KM2,5.3KM2",}s,,"54.1.18,54.3.30",1014
É,"És,s",͐v,Be,15000,143.0KM2,ÉÉy؎,,"54.3.7,54.3.31",1131
m,튊s,_,ʑ,1000,3.8KM2,튊s,,"53.4.28,53.7.14",54
m,cs,ssv(C),"Be,ʑ","12500,,2500","43.5KM2,43.5KM2",cs,,"53.5.15,53.8.22",69
m,qs,H䒠,"Be,ʑ,ʐ}","4000,,1000,,1000","10.5KM2,5.0KM2,5.0KM2",qs,,"53.6.1,54.3.31",88
m,Rs,H䒠,"Be,ʑ","8000,,1000","74.6KM2,17.5KM2",Rs,,"53.7.10,54.1.27",290
m,Rs,ssv(C),"Be,ʑ","12500,,2500","40.0KM2,27.5KM2",Rs,,"53.7.15,53.8.25",309
m,,nՒ,,,1008.0km,m,,"53.9.1,54.1.31",333
m,튊s,ssv(C),"Be,ʑ","12500,,2500","49.5KM2,49.5KM2",튊s,,"53.7.15,53.12.9",334
m,És,v,p,,19point,És,,"53.8.5,53.11.30",355
m򕌌,",,",Xђ,_,,11point,m,,"53.8.15,53.11.30",356
m,v䒬,H䒠,"Be,ʑ","4000,,500","23.5KM2,6.0KM2",v䒬,,"53.8.7,54.10.31",369
m,És,v,_,,42.1km,És,,"53.9.1,53.12.20",426
m,V쒬,ssv,"Be,ʑ,ʑ","12500,,2500,,10000","30.0KM2,4.8KM2,4.8KM2",V쒬,,"53.9.10,53.10.31",448
m,厡,ssv,ʑ,2500,7.2KM2,厡,,"53.9.2,53.12.21",466
m,a,ssv,ʑ,2500,8.0KM2,a,,"53.9.2,53.12.21",467
m,,ssv,ʑ,2500,7.3KM2,,,"53.9.2,53.12.21",468
m,Vs,Xэސϒ,Be,20000,798.0KM2,Éŋ,,"53.9.5,53.9.30",510
m,\lR,ssv,ʑ,2500,8.8KM2,\lR,,"53.8.23,53.12.20",512
m,{s,H䒠,ʑ,500,2.4KM2,{s,,"53.9.15,54.3.25",513
m,"És,ts",͐Ǘ,,,119.4km,nH,,"53.10.16,53.12.15",594
m,"Rs,qs,ts,És,}K,",H,"Be,ʑ","4000,,500","28.0KM2,2.4KM2",nHX,,"53.10.5,54.2.20",595
m,"És,i",nJ,,500,1.0KM2,{Zcx,,"53.11.10,54.7.31",596
m,És,H䒠,"Be,ʑ","4000,,500","11.7KM2,1.1KM2",nÉH,,"53.10.13,54.3.15",629
m,v蒬,H䒠,"Be,ʑ","8000,,1000","21.7KM2,1.0KM2",v蒬,,"53.10.30,55.2.28",630
m,F,ssv,"Be,ʑ","12500,,2500","30.0KM2,5.3KM2",F,,"53.10.25,54.1.10",660
m,És,nՒ,,,400.0km,ÉsQ΍,,"53.11.1,53.12.31",662
m,c,ssv,ʑ,2500,21.5KM2,c,,"53.10.28,54.2.28",708
m,l,v,ʑ,1000,7.4KM2,l,,"53.10.30,53.12.24",715
m,,H䒠,"Be,ʑ","4000,,500","17.8KM2,6.0KM2",,,"53.11.15,55.3.31",732
m,R,ُꐮ,"Be,ʑ","8000,,1000","45.0KM2,3.6KM2",R,,"53.11.25,54.3.10",793
m,튊s,H䒠,"Be,ʑ","4000,,500","49.5KM2,0.8KM2",튊s,,"53.11.27,54.3.29",794
m,,Rv,ʑ,2500,5.2KM2,mLc,,"53.11.30,54.1.31",824
m,És,ssv,ʑ,2500,60.0KM2,És,,"53.12.2,54.3.30",846
m,És,搮,ʑ,1000,2.1KM2,És,,"53.12.2,54.2.9",847
m,s,v,"_,",",,","6point,35.0km",s,,"53.12.1,54.1.31",889
m,"s,a",H䒠,"Be,ʑ","4000,,500","21.6KM2,0.7KM2",m{y؎,,"53.12.25,54.2.17",896
m,t,H䒠,"Be,ʑ,ʐ}","4000,,1000,,1000","9.9KM2,4.4KM2,4.4KM2",t,,"53.12.22,54.9.30",897
m,Ls,Ɖ,Be,4000,23.4KM2,Ls,,"53.12.28,54.1.15",953
m,És,Hv,ʑ,500,0.5KM2,nÉH,,"54.1.16,54.3.20",956
m,És,v,p,,16point,És,,"54.2.1,54.4.30",1011
m,zc,_ƐU{v,ʑ,2500,22.0KM2,zc,,"54.3.29,54.7.31",1134
Od,ʏ钬,㐅v,"Be,ʑ","8000,,1000","90.0KM2,4.5KM2",ʏ钬,,"53.3.23,53.6.30",33
Od,l,_nJ,ʑ,1000,3.6KM2,"C_,lJ񌚐ݎƏ",,"53.5.1,53.9.30",53
Od,ʏ钬,ssv,ʑ,2500,6.2KM2,ʏ钬,,"53.6.27,53.7.15",289
Od,"Ks,",nՒ,,,26.0km,Od,,"53.7.20,53.8.10",308
Od,|Z,ُꐮ,"Be,ʑ","8000,,1000","4.0KM2,4.0KM2",|Z,,"53.7.10,53.9.30",332
Od,"s,ɐs,a,O_",΂,"Be,ʑ","20000,,5000","200.0KM2,200.0KM2",C_,,"53.9.1,54.3.31",367
Od,Hs,`v,"Be,ʑ","8000,,1000","8.0KM2,1.9KM2",Hs,,"53.8.2,53.11.30",409
Od,a,ُꐮ,"Be,ʑ","8000,,1000","25.0KM2,4.5KM2",a,,"53.8.4,53.11.27",410
Od,鎭s,ssv,"ʑ,ʑ","2500,,25000","160.0KM2,195.9KM2",鎭s,,"53.8.4,53.12.15",411
Od,"Fs,hs",d͒,ʐ},5000,6.1KM2,ʏYƏȎGlM[vƕ,,"53.9.11,53.11.10",451
Od,"lss,Ks,Ԗ쒬,,z,ؑ],",H䒠,"Be,ʑ","8000,,1000","481.0KM2,35.0KM2",Od,,"53.9.10,54.3.20",469
Od,"s,Îs,C,a,䒬,ʏ钬,x,I,ɐ",Xэސϒ,Be,20000,580.0KM2,Éŋ,,"53.9.5,53.9.30",510
Od,,͐Ǘh,cf,,190.0km,nؑ]쉺H,,"53.10.1,54.2.28",535
Od,,nՒ,,,117.0km,Od,,"53.10.10,53.12.25",536
Od,"l,ɐs,镔,l,ʏ钬,s,",Xьv,ʑ,5000,273.2KM2,Od,,"53.10.9,54.3.20",539
Od,"鎭s,lss,풬",͐C,,,55.0km,nOdH,,"53.9.26,54.2.13",588
Od,"Îs,vs,u,쒬,O_,ǏF",͐C,,,68.1km,nOdH,,"53.9.26,54.1.24",589
Od,"s,C",͐C,,,60.0km,nOdHX,,"53.9.26,54.2.3",590
Odꌧ,"ɐs,,ss",͐C,,,27.0km,nOdHX,,"53.10.3,54.1.20",591
Od,"ɐs,񌩒",͐C,,,28.0km,nOdHX,,"53.9.26,53.12.25",592
Od,{쑺,͐쑍Jv,Be,25000,128.9KM2,nOdHX,,"53.9.29,53.12.27",624
Od,s,_v,p,,14point,Jcޒm_,,"53.9.1,53.10.30",657
Od,s,_v,"Be,ʑ","4000,,500","5.7KM2,0.5KM2",Jcޒm_,,"53.9.26,53.12.20",658
Od,x,H䒠,Be,8000,133.7KM2,x,,"53.11.10,54.1.18",716
Od,Z,ssv,"Be,ʑ","12000,,2500","48.0KM2,36.5KM2",Z,,"53.12.12,54.3.31",892
Od,֒,H,"Be,ʑ","12500,,2500","13.0KM2,5.0KM2",OdkǗ鎭y؎,,"53.12.27,54.2.15",894
Od,Îs,Hv,ʑ,500,0.9KM2,Îs,,"54.1.22,54.3.24",954
Od,lss,Hv,ʑ,500,0.6KM2,lss,,"54.1.22,54.3.10",955
Od,"s,쒬,x,ْ,,Ks",Xьv,ʑ,5000,176.5KM2,Od,,"54.2.1,55.3.19",986
Od,쒬,RUv,"Be,ʑ","25000,,5000","21.5KM2,21.5KM2",쒬,,"54.2.1,54.3.20",1013
Od,Fs,ssv,"Be,ʑ,ʑ,ʑ","8000,,2500,,5000,,10000","257.6KM2,257.6KM2,257.6KM2,257.6KM2",Fs,,"54.2.28,54.11.30",1130
Od,C,Ǔ}쐬,"Be,Be,ʑ","8000,,12500,,2500","53.0KM2,49.6KM2,49.6KM2",C,,"54.3.6,54.6.30",1132
Od,쓇,ssv,"Be,Be,ʑ,ʑ","12500,,20000,,2500,,5000","54.0KM2,134.7KM2,54.0KM2,80.7KM2",쓇,,"54.3.19,54.6.30",1133
ꌧ,L,ُꐮ,"Be,ʑ","9000,,1000","4.5KM2,2.9KM2",L,,"53.4.19,53.6.30",102
ꌧ,b쒬,H䒠,"Be,ʑ","8000,,1000","49.0KM2,49.0KM2",b쒬,,"53.7.1,54.3.31",327
ꌧ,쒬,搮,,500,0.7KM2,쒬,,"53.7.1,53.12.25",336
ꌧ,"ߍ]s,ss",ssv,"Be,ʑ","12500,,2500","644.5KM2,134.8KM2",ꌧ,,"53.7.10,54.3.10",445
ꌧ,ss,Z\,Be,4000,53.2KM2,ss,,"53.9.18,53.11.16",545
ꌧ,ߍ],ssv,"Be,ʑ","30000,,10000","40.0KM2,18.0KM2",ߍ],,"53.9.27,53.12.15",675
ꌧ,"ߍ],Č",yn,"Be,ʑ","8000,,1000","34.8KM2,15.7KM2",ꌧV̐쉈ݓynǋ,,"53.9.28,54.3.25",685
ꌧ,i,v,ʑ,2500,131.0KM2,i,,"53.11.1,54.5.31",795
ꌧ,Îs,Xьv,ʐ},5000,67.5KM2,ꌧ,,"53.11.20,54.2.20",798
ꌧ,i,ُꐮ,"Be,ʑ","8000,,1000","13.5KM2,1.3KM2",i,,"53.11.15,53.12.25",801
ꌧ,I,ssv(C),"Be,ʑ","12500,,2500","20.5KM2,20.5KM2",I,,"54.1.16,54.3.31",1017
s{,ߎs,H䒠,ʑ,1000,2.0KM2,ߎs,,"53.5,54.3",62
s{,"Fc,a,Β",_nJ,"Be,ҏW","12500,,5000","159.0KM2,159.0KM2","ߋE_,쐅n_Ɛ",,"53.5.4,53.6.12",101
s{,s,H},"Be,ʑ","8000,,1000","23.5KM2,23.5KM2",s,,"53.5.10,54.2.28",110
s{,"h,Ԗ쒬",_nJ,ʑ,5000,33.0KM2,ߋE_,,"53.6.1,53.9.30",281
s{,mRs,Hv,ʑ,500,0.1KM2,ߋEnmRH,,"53.7.17,53.10.18",328
s{,ss,ssv,"Be,Be,Be,ʑ,ʑ,ʑ,ҏW","30000,,25000,,12500,,2500,,10000,,10000,,5000","226.0KM2,66.7KM2,170.0KM2,84.0KM2,70.0KM2,70.0KM2,28.8KM2",ss,,"53.8.5,54.2.28",358
s{,Ts,Hv,_,,7.0km,ߋEnsH,,"53.8.1,54.1.31",365
s{,꒬,H䒠,"Be,ʑ","4000,,500","9.6KM2,1.0KM2",꒬,,"53.8.10,54.3.17",471
s{,ss,搮,_,,3point,ssyn搮,,"53.9.20,53.10.20",544
s{,{Îs,H䒠,"Be,ʑ","8000,,1000","169.7KM2,10.8KM2",{Îs,,"53.10.15,54.2.25",683
s{,ss,̒,_,,5point,ss,,"53.10.18,54.2.28",684
s{,ss,͐v,,,60.0km,ss,,"53.10.10,54.1.10",800
s{,"ss,s,s,R蒬",nՒ,,,33.2km,s{,,"54.1.25,54.2.23",835
s{,cӒ,H䒠,"Be,ʑ","8000,,1000","43.6KM2,12.1KM2",cӒ,,"53.12.1,54.3.25",993
s{,ss,nՕϓ,,,68.0km,ss,,"54.2.19,54.3.31",1053
s{,"ss,s,cӒ",,,,23.0km,s{扺ݎ,,"54.3.1,54.3.30",1076
s{,mRs,H䒠,"Be,ʑ","4000,,500","110.0KM2,3.3KM2",mRs,,"54.2.1,55.2.15",1080
s{,"Ts,,ؒ",H䒠,"Be,ʑ","4000,,500","45.0KM2,1.7KM2",s{,,"54.1.30,54.3.30",1081
s{,"Fs,zs,s,vR,Fc,}u,a,ؒ,R鑺",H䒠,"Be,ʑ","4000,,500","56.0KM2,2.2KM2",s{,,"54.1.30,54.3.30",1082
s{,"}u,a,ؒ,R鑺",H䒠,"Be,ʑ","4000,,500","45.3KM2,1.8KM2",s{,,"54.1.30,54.3.30",1083
s{,Ts,H䒠,"Be,ʑ","4000,,500","35.4KM2,1.8KM2",s{,,"54.1.30,54.3.30",1084
s{,ؒÒ,H䒠,"Be,ʑ","8000,,1000","19.5KM2,3.8KM2",ؒÒ,,"54.2.13,54.3.30",1086
{,s,䒠,,500,0.6KM2,s,,"53.3.29,53.6.20",38
{ꌧs{,"ʎs,Ò,h",E,"},E",",,","19point,18.9km",cы,,"53.6.20,53.11.30",218
{,s,H䒠,ʑ,500,6.0KM2,s,,"53.7.15,54.3.31",255
{,rcs,ssv,_,,10point,rcs,,"53.6.20,53.7.31",326
{,,ssv(C),"ʑ,ʑ","2500,,10000","297.8KM2,950.0KM2",s,,"53.8.28,54.3.31",414
{,"Ls,cs,؎s,Ύs,ےÎs,s,Qs,s,s,^s,ls,哌s,s,s,s,䎛s,Hgs,s,,R,s,Ύs,Îs,as,,ݘacs,Lˎs,F撬,򍲖s,cK,쒬,s",nՒ,,,656.0km,{,,"53.10.1,54.2.28",543
{,s,nՒ,,,269.0km,s,,"53.10.1,54.2.28",563
{,s,h璾,,,128.8km,{㎡,,"53.10.25,54.3.20",631
{,s,nՒ,,,20.0km,s,,"53.11.6,54.2.28",632
{,s,nՒ,,,75.0km,s,,"53.11.1,54.2.28",633
{,Ls,H䒠,"_,ʑ",",,500","38point,36.6KM2",Ls,,"53.8.15,54.12.27",673
{,s,H䒠,"Be,ʑ","4000,,500","7.2KM2,7.2KM2",s,,"53.11.6,54.3.25",710
{,s,nՒ,,,62.0km,s,,"53.10.1,54.2.28",797
{,Hgs,H䒠,"Be,ʑ","4000,,500","27.0KM2,21.0KM2",Hgs,,"53.12.1,56.3.31",799
{,s,nՒ,,,21.0km,s,,"53.11.1,54.2.28",834
{,,"`p\,",,,121.3km,s`p,,"54.1.7,54.2.19",870
{,s,Sv,"Be,ʑ","8000,,1000","8.3KM2,0.2KM2",{LSH,,"54.1.5,54.3.31",900
{,s,HǗ,"Be,ʑVK,ʑC","4000,,500,,500","40.0KM2,3.0KM2,206.0KM2",s,,"53.11.27,54.2.15",901
{,"s,s,^s",ݒ,,,32.9km,{Q쐅nCHc,,"53.12.1,54.1.31",994
{,s,H䒠,p,,5.3km,s,,"53.12.25,54.3.31",1072
{,Ύs,H䒠,"Be,ʑ","4000,,500","27.2KM2,3.2KM2",Ύs,,"54.1.22,54.3.31",1075
{ޗǌ,"s,䎛s,s,s,s,s,q,͓쒬,瑁ԍ㑺,xcюs,͓s,ޗǎs,s,aSRs,Vs,s,Q,O,,g,q,,L˒,͍,쐼,O,c{,acs,s,䏊s,撬,",͐v,Be,12500,1070.0KM2,ߋEnaH,,"54.2.28,54.3.31",1077
{,s,H䒠,"Be,ʑ","4000,,500","32.9KM2,0.1KM2",s,,"54.3.1,54.3.31",1087
{,s,䒠,"_,Be",",,3000","25point,50.0KM2",s,,"54.3.29,54.5.31",1108
Ɍ,_ˎs,j[^Ev,"Be,Be,ʑ,ʑ","3000,,6000,,500,,1000","6.2KM2,60.0KM2,1.2KM2,3.5KM2",_ˎs,,"53.3.20,53.5.15",14
Ɍ,ˎs,ssv,"Be,ʑ","4000,,500","14.0KM2,1.3KM2",ˎs,,"53.5.18,53.8.18",100
Ɍ,,Xьv,Be,20000,1305.0KM2,Ɍ,,"53.5.15,53.7.31",103
Ɍ,{s,H䒠,,500,1.5KM2,{s,,"53.6.1,54.2.28",111
Ɍ,_ˎs,yʌvZ,"Be,ʑ","8000,,1000","68.0KM2,41.0KM2",_ˎs,,"53.5.1,54.3.31",217
Ɍ,O؎s,"㐅䒠,KX䒠","Be,ʑ","4000,,500","60.0KM2,2.1KM2",O؎s,,"53.5.2,54.2.28",221
Ɍ,Ύs,ssv,ʑ,2500,39.0KM2,Ύs,,"53.7.4,53.12.25",264
Ɍ,쐼s,ssv(C),"Be,ʑ","12500,,2500","110.0KM2,53.8KM2",쐼s,,"53.6.7,53.9.4",279
Ɍ挧,"p,q",Sv,"Be,ʑ","4000,,500","5.4KM2,0.5KM2",{LSH,,"53.6.20,53.9.20",280
Ɍ,쐼s,H䒠,,500,1.3KM2,쐼s,,"53.7.31,54.2.28",324
Ɍ,_ˎs,Hv,H,,1.1km,_Hc,,"53.8.1,53.12.6",337
Ɍ,_ˎs,n,,500,1.7KM2,_ˎs,,"53.9.1,53.9.30",472
Ɍ,"s,{s,ɒOs",nՒ,,,13.0km,Ɍ,,"53.10.1,53.12.10",617
Ɍ,Ls,͐C,ʑ,1000,5.7KM2,ߋEnLH,,"53.9.25,53.12.30",674
Ɍ,F{s,H,"Be,ʑ","8000,,1000","6.2KM2,1.9KM2",ɌF{y؎,,"53.10.23,54.1.12",679
Ɍ,s,nՒ,,,100.0km,s,,"53.10.20,54.2.28",680
Ɍ,ɒOs,nՒ,,,42.0km,ɒOs,,"53.11.1,54.2.28",682
Ɍ,{s,nՒ,,,70.0km,{s,,"53.11.1,54.2.28",709
Ɍ,"WH,kW,Y",_nJ,},,19point,"ߋE_,kWHJ񌚐ݎƏ",,"53.11.26,54.2.20",796
Ɍ,"{s,s",hgzH,p,,8point,"O`p݋,`H",,"53.11.27,53.12.25",825
Ɍ,"WH,kW,Y",_n,},,7point,"ߋE_,kWHJ񌚐ݎƏ",,"54.1.6,54.2.20",902
Ɍ,R,ssv,"Be,ʑ","4000,,500","3.0KM2,1.0KM2",R,,"53.12.10,54.2.28",989
Ɍ,R蒬,H䒠,"Be,ʑ","8000,,1000","177.8KM2,4.4KM2",R蒬,,"54.1.30,55.3.10",992
Ɍ,_ˎs,j[^Ev,"Be,ʑ","6000,,1000","63.0KM2,14.0KM2",_ˎs,,"54.1.30,54.3.31",1016
Ɍ,s,,,,21.0km,s,,"54.2.14,54.3.25",1085
ޗǌ,"kR,kR",Xђ,Be,20000,532.0KM2,ޗǌ,,"53.4,53.7.31",13
ޗǌ,Vs,䒠,"Be,ʑ","4000,,500","4.6KM2,1.0KM2",Vs,,"53.3.6,53.6.30",112
ޗǌ,͍,ssv(C),"Be,ʑ","12500,,2500","26.0KM2,8.3KM2",͍,,"53.5.1,53.7.31",129
ޗǌ,s,H䒠,"Be,ʑ","4000,,500","3.6KM2,2.4KM2",s,,"53.6.20,54.3.31",256
ޗǌ,"ܞs,g쑺",_nJ,ʑ,1000,10.1KM2,ߋE_ǌ܏gJ񌚐ݎƏ,,"53.7.10,53.9.25",265
ޗǌ,씗쑺,E,"},E",",,","1point,4.6km",cы,,"53.8.1,53.9.30",325
ޗǌ,哃,H䒠,"Be,ʑ","8000,,1000","16.2KM2,0.7KM2",哃,,"53.8.10,54.2.28",453
ޗǌ,Œ,v,"Be,ʑVK,ʑC","8000,,1000,,1000","40.9KM2,1.4KM2,3.0KM2",Œ,,"53.8.25,53.12.27",454
ޗǌ,"͍,L˒,쐼,O",򉻃Z^[v,"Be,ʑ,ʑ","4000,,500,,1000","4.6KM2,0.2KM2,1.2KM2",ޗǌ򉻃Z^[,,"53.9.21,53.10.31",546
ޗǌ,aSRs,H䒠,"Be,ʑ","4000,,500","6.1KM2,2.5KM2",aSRs,,"53.9.21,54.1.31",547
ޗǌ,"s,acs,aSRs,Q,O,,g,쐼,O,c{,q,,L˒,͍",,,,93.0km,ޗǌ򉻃Z^[,,"53.10.19,53.12.20",672
ޗǌ,"哃,V쑺",_Ǘ,"Be,ʑ","15000,,2500","100.0KM2,7.0KM2",ߋEnJ_Ǘ,,"53.10.2,54.2.10",676
ޗǌ,"kR,kR",H䒠,"Be,ʑ","4000,,500","18.5KM2,2.1KM2",ޗǌ,,"53.9.1,54.3.15",677
ޗǌ,\Ð쑺,H䒠,"Be,ʑ","8000,,1000","39.0KM2,1.8KM2",ޗǌ,,"53.9.1,54.3.15",678
ޗǌ,䏊s,ssv,"Be,ʑ,ʑ","12500,,2500,,10000","60.8KM2,60.8KM2,60.8KM2",䏊s,,"53.12.23,54.3.24",958
ޗǌ,"g쒬,㑺",_v,"Be,ʑ","10000,,2500","130.0KM2,12.7KM2",ߋEn_H,,"53.12.13,54.3.15",1018
ޗǌ,"RY,P",Jv,"Be,ʑ","8000,,1000","44.0KM2,12.7KM2",ߋE_ǑaJ񌚐ݎƏ,,"54.1.5,54.3.31",1044
ޗǌ,Vs,H䒠,"Be,ʑ","8000,,1000","56.0KM2,0.9KM2",Vs,,"53.11.9,54.3.31",1071
ޗǌ,"RY,sV,",_Ǝƌv,"Be,ʑ","8000,,1000","31.0KM2,6.5KM2",ߋE_ǑaJ񌚐ݎƏ,,"54.2.20,54.3.31",1074
ޗǌ,"Vs,sV,RY",HǗ,Be,4000,8.1KM2,ߋEnޗǍH,,"54.2.15,54.3.31",1079
a̎R,a̎Rs,䒠,"Be,ʑ","4000,,500","12.0KM2,5.0KM2",a̎Rs,,"53.6.20,54.3.24",257
a̎R,cӎs,Xђ,Be,20000,850.0KM2,㍑ŋ,,"53.9.1,53.11.30",470
a̎R,암쑺,ُꐮ,"Be,ʑ","10000,,2500","20.0KM2,20.0KM2",암쑺,,"53.10.2,53.11.30",548
a̎R,a̎Rs,wpn,"Be,ʑ","6000,,1000","5.6KM2,0.8KM2",a̎Rw,,"53.11.17,53.12.20",802
a̎R,",Rǒ,L쒬",H,"Be,ʑ","4000,,500","10.0KM2,0.2KM2",ߋEna̎RH,,"53.12.15,54.3.15",938
a̎R,"g,",H,"Be,ʑ","8000,,1000","10.0KM2,1.1KM2",a̎Ry؎,,"53.12.20,54.2.17",990
a̎R,a̎Rs,H䒠,"Be,ʑ","4000,,500","12.0KM2,1.3KM2",a̎Rs,,"54.1.10,54.3.31",991
a̎R,,H䒠,"Be,Be,ʑ,ʑ","4000,,8000,,500,,1000","6.5KM2,51.5KM2,1.6KM2,0.9KM2",,,"54.1.29,54.3.31",1073
挧,"qgs,O,l,ՉY,kh",Xђ,Be,16000,765.0KM2,挧,,"53.5.2,53.5.25",44
挧,͌,"Hz,͐C",ʑ,1000,0.9KM2,nH,,"53.5.1,53.7.31",45
R挧L,"Rs,ÎRsqgs,Os",E,"},E",",,","9point,65.3km",cы,,"53.6.20,53.12.28",222
挧,"s,R,Ďqs",`䒠,"Be,ʑ","12500,,2500","66.1KM2,3.5KM2",挧,,"53.6.30,53.8.15",244
挧,s,nՒ,,,10.6km,挧,,"53.7.10,53.7.23",285
挧,",h",yn,"Be,ʑ","8000,,1000","18.7KM2,4.3KM2",挧,,"53.8.17,53.12.16",399
挧,",",Hv,ʑ,1000,0.5KM2,nH,,"53.8.28,53.9.30",427
挧,s,ssv,ʑ,500,0.2KM2,挧,,"53.9.11,53.10.25",456
挧,",s,O,l,ՉY,kh,gÑ,R,암,˒,Ďqs,`s",͐䒠,"Be,ʑ","12500,,2500","778.6KM2,10.7KM2",挧,,"53.10.2,54.2.28",488
挧,Ďqs,Hv,"Be,ʑ","8000,,1000","11.6KM2,1.3KM2",nqgH,,"53.9.17,53.11.20",636
挧,͌,Hz,ʑ,1000,3.2KM2,nH,,"53.10.25,54.3.20",637
挧,쒬,H䒠,"Be,ʑ","8000,,1000","341.0KM2,5.3KM2",쒬,,"53.10.31,55.6.20",735
挧,"͌,D",ssv,"Be,ʑ","12500,,2500","36.4KM2,12.5KM2",挧,,"53.11.17,54.2.28",762
挧,"s,Ďqs,`s,,gÑ,R,암,˒,쒬,쒬,]{",H䒠,"Be,ʑ","8000,,1000","1044.0KM2,1.3KM2",挧,,"53.10.13,54.3.25",804
挧,R,_,"Be,ʑ","20000,,5000","60.0KM2,24.0KM2",R,,"53.10.20,54.1.31",836
挧,Ďqs,ssv,"ʑVK,ʑC","2500,,2500","3.0KM2,59.0KM2",Ďqs,,"54.1.10,54.3.25",964
挧,͌,H䒠,"Be,ʑ","8000,,1000","83.0KM2,2.8KM2",͌,,"54.1.12,55.3.25",1022
,В,ssv,ʑ,2500,10.0KM2,В,,"53.3.10,53.5.15",39
,"lcs,]Îs","Hz,͐C","Be,ʑ","8000,,1000","12.7KM2,1.5KM2",nlcH,,"53.5.10,53.10.31",43
,vcs,ssv(C),"Be,ʑ","12500,,2500","40.0KM2,14.0KM2",vcs,,"53.6.6,53.7.31",313
,"]s,ۊ֒,,o_",񎖋,,,60.0km,l_ǒC񎖖,,"53.9.11,53.12.6",558
,cs,yn,,,6.7km,l_ǒC񎖖,,"53.10.24,53.12.28",597
,gc,E,E,,10.5km,cы,,"53.11.1,53.12.20",638
,,͐䒠,ʑ,2500,16.8KM2,,,"53.11.15,54.3.25",837
,В,ssv,ʑ,2500,17.5KM2,В,,"53.10.1,53.12.28",848
,꒬,H䒠,"Be,ʑ","8000,,1000","87.5KM2,2.1KM2",꒬,,"54.2.1,54.4.30",1021
R,"Ўs,q~s,Rs,g,|,",Xьv,Be,20000,810.0KM2,R,,"53.5,53.6.30",42
R,,ssv,"Be,ʑ","12500,,2500","40.0KM2,35.3KM2",,,"53.5.10,53.10.31",89
R,"Ўs,Rs,q~s",ېŎ,Be,20000,350.0KM2,Lŋ,,"53.6.12,53.6.27",190
R,"Rs,Os,˓s",ېŎ,Be,20000,67.0KM2,Lŋ,,"54.2.20,54.3.10",190
R,匴,_,"Be,ʑ","12500,,2500","100.0KM2,55.0KM2",匴,,"53.6.15,53.9.30",193
R,Rs,͐v,"Be,ʑ","12500,,2500","52.0KM2,13.3KM2",nR͐H,,"53.7.1,53.9.30",224
R,^,͐v,"Be,ʑ","12500,,2500","33.0KM2,6.9KM2",nR͐H,,"53.7.1,53.9.30",225
R,Rs,H,,250,0.2KM2,Rs,,"53.8.1,54.3.",266
R,"쒬,Ò",Vss,ʑ,2500,30.0KM2,RÎRnU,,"53.6.30,53.10.10",283
R,Rs,Hv,,1000,0.1KM2,Rs,,"53.9.11,53.12.30",457
R,Rs,Hv,ʑ,500,0.1KM2,Rs,,"53.9.11,53.10.30",458
R,쒬,v,"Be,ʑ","12500,,2500","140.0KM2,88.5KM2",쒬,,"53.8.26,54.4.30",489
R,"R,卲,k[,L,Vs,s",L撲,҂,10000,210.0KM2,zƎƒc,,"53.11.16,54.2.28",668
R,q,Hv,"Be,ʑ","10000,,1000","10.0KM2,1.0KM2",nRH,,"53.11.10,54.1.12",736
R,q~s,ssv,"Be,ʑ","8000,,1000","3.7KM2,3.7KM2",q~s,,"53.10.18,54.1.20",759
R,"Rs,ΐ쒬,z",H,"Be,ʑ","8000,,1000","20.0KM2,2.3KM2",R,,"53.10.23,53.12.20",761
R,"Ўs,^,,R葺",Xьv,ʑ,5000,285.0KM2,R,,"53.11.20,54.3.24",807
R,Rs,Hv,ʑ,500,0.2KM2,Rs,,"54.1.15,54.3.31",940
R,Rs,Sv,"Be,ʑ","8000,,1000","6.2KM2,0.9KM2",{LSH,,"54.1.20,54.3.31",963
R,Ò,`,Be,12500,17.5KM2,R,,"54.1.27,54.3.31",1019
R,Rs,Hv,"Be,ʑ,","8000,,1000,,250","1.0KM2,0.9KM2,0.1KM2",Rs,,"54.2.9,54.3.31",1109
L,"Ls,s,钬,钬,a,쒬,a,Nc,z쑺",Xьv,Be,20000,1676.0KM2,L,,"53.4.20,53.7.20",15
L,"ˉ͓,v",_v,"Be,ʑ","8000,,1000","62.4KM2,6.1KM2",n_H,,"53.4.11,53.9.20",41
L,Ls,ssv,"Be,ʑ","12500,,2500","100.9KM2,65.0KM2",Ls,,"53.6.10,53.12.",132
L,,͐v,Be,8000,69.0KM2,"n,cH",,"53.6.11,53.7.31",192
L,|k,v,ʑ,2000,0.5KM2,L_ю,,"53.7.3,53.8.31",267
L,Rs,ssv,ʑ,2500,309.0KM2,Rs,,"53.9.1,54.3.31",398
L,Ls,H䒠,"Be,ʑ","8000,,1000","285.3KM2,4.4KM2",Ls,,"53.8.7,54.3.31",421
L,,Xьv,ʑ,5000,272.2KM2,L,,"53.9.20,54.2.28",446
L,|s,͐v,ʑ,1000,4.7KM2,"n,cH",,"53.9.14,53.11.10",564
LR,"{,",Xьv,ʑ,5000,0.5KM2,cы,,"53.11.20,53.12.28",686
L,Ls,ssv,ʑ,2500,177.3KM2,Ls,,"53.10.30,54.3.31",733
L,Ls,Hv,"Be,ʑ","8000,,1000","10.1KM2,1.5KM2",LLssv掖,,"53.11.18,54.1.30",805
L,Os,S,"Be,ʑ","4000,,500","6.2KM2,2.0KM2",LOy،z,,"53.12.11,54.3.20",850
L,"_Β,ؒ",_v,"Be,ʑ","10000,,2000","20.0KM2,5.5KM2",LR_ю,,"53.12.15,54.2.20",851
L,Rs,Hv,H,,0.4km,nRH,,"53.12.20,54.3.30",903
L,Os,Hv,"Be,ʑ","12500,,2500","14.0KM2,5.5KM2",LOy،z,,"53.12.14,54.1.31",904
L,Rs,Hv,H,,0.3km,nRH,,"54.2.10,54.3.30",1020
R,"s,֎s,Is",Xьv,"Be,ʑ","20000,,5000","737.0KM2,25.0KM2",R,,"53.5.1,53.9.30",40
R,"⍑s,RF,,Fђ,s,Rs",L撲,҂,10000,325.0KM2,zƎƒc,,"53.6.1,53.9.20",74
R,"֎s,s,s,",Hv,"Be,ʑ","8000,,1000","34.0KM2,3.2KM2",nRH,,"53.5.17,53.8.31",83
R,֎s,Hv,"Be,ʑ","8000,,1000","11.0KM2,0.7KM2",nRH,,"53.5.17,53.8.31",130
R,"a,Wq",͐C,"ʑVK,ʑC","2500,,2500","5.0KM2,3.0KM2",nlcH,,"53.5.19,53.7.31",131
R,唩,v,"Be,ʑ","10000,,2000","12.3KM2,12.3KM2",唩,,"53.5.25,53.8.25",191
R,Rs,H䒠,Be,4000,356.0KM2,Rs,,"53.6.10,53.7.15",223
R,aؒ,ssv,"Be,ʑVK,ʑC","12500,,2500,,2500","22.0KM2,5.5KM2,4.8KM2",aؒ,,"53.5.8,53.7.31",243
R,"֎s,Is,s,s,",H䒠,"Be,ʑ","8000,,1000","1420.0KM2,11.6KM2",R,,"53.6.1,54.3.20",282
R,Fs,H䒠,"Be,ʑ","4000,,500","206.0KM2,12.0KM2",Fs,,"53.7.10,54.3.31",284
R,Lk,yn,ʑ,1000,0.5KM2,l_ǖLkJ񌚐ݎƏ,,"53.7.25,53.10.12",370
R,cs,ssv,"Be,ʑ","12500,,2500","42.8KM2,42.8KM2",cs,,"53.6.1,53.9.30",428
R,,ُꐮ,"Be,ʑ","8000,,1000","41.0KM2,7.0KM2",,,"53.8.17,54.2.16",487
R,Lk,yn,ʑ,1000,0.5KM2,l_ǖLkJ񌚐ݎƏ,,"53.8.9,53.10.26",549
R,Lk,yn,ʑ,1000,0.4KM2,l_ǖLkJ񌚐ݎƏ,,"53.8.28,53.10.21",550
R,s,ssv(C),"Be,ʑ","12500,,2500","127.5KM2,47.0KM2",s,,"53.9.5,53.12.20",551
R,֎s,Hz,_,,1point,nRH,,"53.10.18,53.11.30",634
R,Fђ,Hz,,500,0.1KM2,nRH,,"53.10.23,53.11.30",635
R,Lk,yn,ʑ,1000,0.3KM2,l_ǖLkJ񌚐ݎƏ,,"53.11.1,54.1.31",639
R,s,H䒠,"Be,Be,ʑ,ʑ","4000,,8000,,500,,1000","20.0KM2,80.0KM2,2.3KM2,4.9KM2",s,,"53.7.10,54.3.31",734
R,e쒬,ُꐮ,"Be,ʑ","8000,,1000","25.0KM2,7.0KM2",e쒬,,"53.12.11,54.2.1",849
R,֎s,Xьv(C),ʑ,5000,240.0KM2,R,,"54.1.1,54.3.31",905
R,Lk,yn,ʑ,1000,0.4KM2,l_ǖLkJ񌚐ݎƏ,,"53.12.21,54.3.31",906
R,h{s,H䒠,"Be,ʑ","4000,,500","186.1KM2,4.0KM2",h{s,,"54.1.16,54.3.24",962
R,HF,ُꐮ,"Be,ʑ","8000,,1000","93.2KM2,9.7KM2",HF,,"53.10.24,54.3.15",1110
,s,䒠,"Be,ʑ","4000,,500","10.0KM2,1.5KM2",s,,"53.4.7,53.5.30",21
,s,v,"Be,ʑ","12500,,2500","14.0KM2,14.0KM2",s,,"53.2.19,53.4.30",22
,"Έ䒬,_R,߉͓,Y,㏟",Xьv,Be,16000,423.0KM2,,,"53.5.1,53.7.31",63
m,"cJR,rc,L",hv,ʑ,1000,3.3KM2,"ln,g썻hH",,"53.5.17,53.8.10",90
,n,p,"Be,ʑ","8000,,1000","34.0KM2,21.4KM2",gkݔ_ƊJ,,"53.6.9,53.8.31",201
m,"cJR,L",hv,ʑ,1000,1.4KM2,lng썻hH,,"53.6.8,53.9.30",205
,"cJR,R钬,rc",nׂh~v,"Be,ʑ","12000,,2000","46.2KM2,5.3KM2",,,"53.6.1,53.7.10",206
,"߉͓,㏟,F,",nׂh~v,"Be,ʑ","12000,,2000","38.4KM2,8.2KM2",,,"53.6.12,53.7.10",207
,C쒬,Xьv,ʐ},5000,50.0KM2,,,"53.6.1,53.8.31",226
,rc,ssv,"Be,ʑ","12500,,2500","30.0KM2,16.4KM2",rc,,"53.8.1,53.9.30",359
,C쒬,H,"Be,ʑ","8000,,1000","13.6KM2,2.4KM2",",ay؎",,"53.8.21,53.10.30",400
,߉꒬,H,"Be,ʑ","8000,,1000","6.8KM2,0.6KM2",y؎,,"53.8.21,53.10.19",401
,rc,nkϓ,Op,,7point,"HƋZp@,n",,"53.8.21,53.11.15",429
,,ssv,"Be,Be,ʑ,ҏW","15000,,20000,,2500,,10000","17.0KM2,25.0KM2,8.0KM2,45.6KM2",,,"53.8.29,53.10.30",461
,s,H䒠,"Be,ʑ","8000,,1000","17.1KM2,0.8KM2",y؎,,"53.9.28,54.2.23",612
,"s,߉쒬",Hv,H,,4.3km,lnH,,"53.9.30,54.2.28",614
,s,v,"Be,ʑ","12500,,2500","71.0KM2,41.0KM2",s,,"53.10.20,54.1.10",663
,s,䒠,ʑ,500,0.4KM2,s,,"54.3.1,54.4.30",1111
쌧,Pʎs,n񂪂v,"Be,ʑ","8000,,1000","26.4KM2,1.8KM2",l_Ǎp_ƐƏ,,"53.8.2,53.10.9",360
쌧,s,䒠,ʑ,500,2.1KM2,s,,"53.7.29,53.12.25",371
쌧,㒬,_v,"Be,ʑ","8000,,1000","5.7KM2,3.3KM2",쌧oy؎,,"53.8.21,53.11.12",416
쌧,Pʎs,n񂪂r,ʑ,1000,1.7KM2,쌧,,"53.9.4,53.11.23",460
쌧,Pʎs,ssv(C),"ʑ,ʑ","2500,,10000","24.0KM2,39.7KM2",Pʎs,,"53.9.25,53.11.30",556
쌧,s,ssv,Be,12500,257.5KM2,s,,"54.2.10,54.3.31",1115
쌧,"C,y",Hv,"Be,ʑ","12500,,2500","13.2KM2,4.6KM2",쌧,,"54.3.2,54.3.25",1117
쌧,s,v,Be,4000,15.0KM2,s,,"54.2.28,54.3.31",1118
Q,Rs,ssv,"Be,ʑ","4000,,500","23.7KM2,11.3KM2",Rs,,"53.4.25,53.10.21",65
Q,\s,ssv,"ʑ,ʑ","2500,,10000","44.8KM2,44.8KM2",\s,,"53.5.9,54.4.20",85
Q,OԒ,ُꐮ,"Be,ʑ","8000,,1000","7.0KM2,1.3KM2",QFa,,"53.5.15,53.7.15",86
Q,"\s,s,㓇,Rs,s,s",H䒠,"Be,ʑ","8000,,1000","158.0KM2,7.9KM2",Q,,"53.6.10,54.3.25",202
Q,"Vls,s,ʉ͑,쑺",H䒠,"Be,ʑ","8000,,1000","204.0KM2,8.7KM2",Q,,"53.6.10,54.3.25",203
Q,"V]s,ɗ\Os,V{,y,ʎqR",H䒠,"Be,ʑ","8000,,1000","163.0KM2,7.2KM2",Q,,"53.6.10,54.3.25",204
Q,\s,Ւ,"Be,ʑ","8000,,1000","4.5KM2,0.7KM2",\s,,"53.6.1,53.7.15",209
Q,"V]s,ɗ\Os,Vls,s,\s,,V{,y,ʎqR",Xђ,Be,16000,1147.0KM2,Q,,"53.7.10,53.10.30",291
Q,s,ssv,"ʑ,ʑ","2500,,10000","66.2KM2,66.2KM2",s,,"53.7.4,53.9.12",415
Q,O,Hv,"Be,ʑ","8000,,1000","5.2KM2,1.1KM2",lnRH,,"53.6.28,53.9.30",417
Q,"q,܏\蒬",_nJ,"Be,ʑ","8000,,1000","11.3KM2,3.9KM2",l_ǑF쑽J񌚐ݎƏ,,"53.10.1,53.12.25",613
Q,Rs,H䒠,,500,1.0KM2,Rs,,"53.11.22,54.3.25",806
Q,s,Sv,"Be,ʑ","4000,,500","3.4KM2,0.5KM2",{LSH,,"53.12.20,54.3.20",907
Q,Ӓ,Hv,"Be,ʑ","15000,,3000","18.7KM2,4.0KM2",Q䑑y؎,,"54.1.22,54.3.25",995
Q,"Y,",JۑS,"Be,ʑ","12500,,3000","18.2KM2,1.1KM2","O`p݋,R`H",,"54.2.10,54.3.25",1042
Q,䑑,Ǔ}쐬,ʑ,10000,50.9KM2,䑑,,"54.2.1,54.3.30",1045
Q,Fs,_nJ,ʑ,1000,2.1KM2,l_ǑF쑽J񌚐ݎƏ,,"54.2.10,54.3.26",1112
Q,Fs,Hv,Be,8000,18.0KM2,lnFH,,"54.3.8,54.3.30",1120
m,"쑺,y",ЊQƌv,ʑ,2000,42.4KM2,m,,"53.3.17,53.4.30",17
m,{쑺,ЊQƌv,ʑ,2000,14.0KM2,m,,"53.3.17,53.4.30",18
m,"ˎs,m,k쑺",ЊQƌv,"Be,ʑ","15000,,2000","175.1KM2,23.8KM2",m,,"53.3.17,53.4.30",19
m,{s,ЊQƌv,ʑ,2000,11.8KM2,m,,"53.3.17,53.4.30",20
m,"ys,ms,{s,̒,m쒬,y,쒬,zm,,,Ö쒬,l\",Xьv,Be,20000,686.0KM2,m,,"53.5.13,53.9.30",64
m,,Xђ,Be,16000,916.0KM2,і쒡,,"53.5,53.10",167
m,ms,a΍􎖋,"Be,ʑ","4000,,500","4.0KM2,1.0KM2",ms,,"53.8.15,53.9.25",372
m,ms,ې,Be,4000,120.0KM2,ms,,"53.8.10,53.9.25",373
m,zm,͐C,"Be,ʑ","8000,,1000","10.9KM2,1.0KM2",mzmy؎,,"53.8.10,53.8.31",374
m,ms,Hv,ʑ,500,0.1KM2,"ln,yH",,"53.7.20,53.8.31",459
m,ms,H䒠yщ䒠,"Be,ʑ","4000,,500","18.0KM2,9.7KM2",ms,,"53.9.12,54.3.31",557
m,,H䒠,"Be,ʑ","8000,,1000","486.0KM2,15.0KM2",m,,"53.10.13,54.3.18",664
m,|s,r,"Be,ʑ","8000,,1000","8.2KM2,1.0KM2",|s,,"53.11.20,54.1.18",711
m,k,ЊQƌv,ʑ,2000,22.4KM2,m,,"53.10.14,54.3.12",750
m,",쑺",ЊQƌv,ʑ,2000,14.8KM2,m,,"53.10.23,54.2.19",751
m,"r쒬,쑺,zm",ЊQƌv,ʑ,2000,23.1KM2,m,,"53.10.23,54.3.21",752
m,"yR,,ɖ쒬",ЊQƌv,ʑ,2000,9.7KM2,m,,"53.10.23,54.2.19",753
m,y,ЊQƌv,ʑ,2000,19.2KM2,m,,"53.10.23,54.2.19",754
m,{쑺,ЊQƌv,ʑ,2000,15.1KM2,m,,"53.10.23,54.2.19",755
m,"L,{R",ЊQƌv,ʑ,2000,17.8KM2,m,,"53.10.23,54.3.21",756
m,",",ЊQƌv,ʑ,2000,6.1KM2,m,,"53.10.23,54.1.30",757
m,ms,nՒ,,,26.0km,ms,,"53.12.20,54.3.31",826
m,"ys,{s,y,쒬,zm,,,Ö쒬,l\,쒬,,̒,m쒬,ɖ쒬,t쒬",Xьv,ʐ},5000,250.0KM2,m,,"53.12.9,54.3.31",868
m,y,LіǗ,},,15.0km,mcы,,"53.12.1,54.11.30",908
m,,͐C,"Be,ʑ,ʑ","12500,,2500,,10000","128.0KM2,4.5KM2,4.5KM2",lnmH,,"53.12.1,54.2.28",909
m,Ö쑺,ۑS,ʑ,2000,2.0KM2,m,,"54.2.19,54.3.20",1113
,"s,ts,s,s,߉ϐ쒬,F,I,uƒ,{b,V{,vR,,}s",Xьv,"Be,ʐ}","20000,,5000","1039.0KM2,135.0KM2",,,"53.5.1,54.3.31",50
,Ԏs,ssv,"Be,ʑ,ʑ,ʑ","10000,,2500,,5000,,10000","35.0KM2,15.8KM2,15.8KM2,15.8KM2",Ԏs,,"53.4.27,53.7.20",153
,@,ssv(C),"Be,ʑ,ʑ","12500,,2500,,10000","122.0KM2,49.5KM2,27.2KM2",@,,"53.5.4,53.8.31",159
,"H,g䒬,cے,vĎs",Hv,ʑ,2500,43.0KM2,B_ǎ[R[_ƐƏ,,"53.5,53.7.13",166
,O,v,ʑ,2500,16.5KM2,O,,"53.5.20,53.7.20",295
,vĎs,Ǒ䒠,ʑ,1000,9.5KM2,vĎsƋ,,"53.6.15,53.9.22",296
,z钬,H䒠,"Be,ʑ","8000,,1000","67.9KM2,4.4KM2",z钬,,"53.5,54.2.28",297
,kBs,v,"Be,ʑ,ʑ","10000,,5000,,2500","30.0KM2,30.0KM2,30.0KM2",kBs,,"53.6.20,54.1.2",302
,s,ssv,ʑ,2500,75.5KM2,s,,"53.7.13,53.12.10",386
,I,H䒠,"Be,Be,ʑ,ʑ","4000,,8000,,500,,1000","20.0KM2,36.0KM2,4.2KM2,3.0KM2",I,,"53.7.31,54.1.30",388
,"vR,",v,"Be,ʑ","15000,,2500","66.0KM2,23.0KM2",s,,"53.9.1,53.10.30",568
,,H䒠,"Be,ʑ","4000,,500","24.5KM2,2.5KM2",,,"53.9.10,54.3.31",570
,kBs,`}쐬,"Be,ʑ","3000,,500","20.0KM2,5.8KM2",kBs,,"53.9.14,54.3.10",572
,ss,Hv,"Be,ʑ","4000,,500","2.1KM2,0.2KM2",sy؎,,"53.9.20,53.10.20",573
,vĎs,H䒠,ʑ,500,0.9KM2,vĎs,,"53.9.5,53.12.20",574
,kBs,Hv,"Be,ʑ","5000,,1000","2.3KM2,0.5KM2",{Hc݋ǏqH,,"53.10.2,53.11.15",691
ꌧ,"喴cs,vĎs,s",Sv,"Be,ʑ","4000,,500","8.5KM2,1.7KM2",{LS֍H,,"53.10.16,53.12.25",698
F{,"ؒ,vؖ쑺","ۗ{n,݌v","Be,ʑ,ʑ","8000,,1000,,2500","26.0KM2,3.9KM2,3.9KM2",Nƒc,,"53.11.21,54.10.16",764
,kBs,}쐬,"Be,ʑ","4000,,500","6.3KM2,1.6KM2",kBsZ,,"53.11.10,54.2.4",860
,kBs,"zQn,nՕϓ",",",",,x","69.0km,109.0km",kBs,,"53.11.21,54.2.20",864
,,ُꐮ,"Be,ʑ","6000,,1000","12.0KM2,5.6KM2",,,"53.11.25,54.3.20",969
,kBs,Hv,"Be,ʑ","8000,,1000","7.0KM2,1.5KM2",kBs,,"53.12.5,54.1.20",970
,"s,F,I",Sv,ʑ,2500,11.0KM2,{LS֍H,,"53.12.11,54.3.30",976
ꌧ,"vĎs,}s,s,s,Ok,ؒ,s,앛,x,c,_钬,Oc쒬,,O",nՍ,",","1,,2","100.0km,130.0km",Bn}H,,"53.12.15,54.3.30",980
,vĎs,_v,ʑ,5000,7.2KM2,Bn}H,,"53.12.25,54.2.24",982
,I,͐J,ʑ,1000,2.3KM2,,,"53.12.21,54.1.30",983
,s,v,ʑ,1000,1.0KM2,BnC̒ClH,,"53.12.16,54.2.18",1028
,vĎs,Hv,"Be,ʑ","6000,,1000","47.8KM2,5.5KM2",vĎs,,"54.1.24,54.3.24",1037
,vĎs,]ԓv,ʑ,500,1.3KM2,",vēy؎",,"53.12.25,54.1.31",1025
,s,H䒠,"Be,ʑ","4000,,500","16.9KM2,7.9KM2",s,,"54.1.13,54.3.27",1032
,t,H䒠,"Be,ʑ","8000,,1000","58.0KM2,4.4KM2",t,,"54.2.6,54.7.25",1092
,_,H䒠,"Be,ʑ","8000,,1000","77.6KM2,4.7KM2",_,,"54.2.6,54.8.30",1093
,,H䒠,"Be,ʑ","8000,,1000","21.0KM2,2.2KM2",,,"54.2.3,54.7.30",1094
,kBs,͐Ǘ,"Be,ʑ","20000,,5000","230.0KM2,70.0KM2",kBs,,"54.2.2,54.3.31",1102
,kBs,H,"Be,ʑ","4000,,500","6.6KM2,1.4KM2",kBH,,"54.2.15,54.3.25",1103
,s,Hv,"Be,ʑ","4000,,500","6.1KM2,0.5KM2",s,,"54.2.13,54.3.31",1139
ꌧ,s,ssv(C),"Be,ʑ,ʑ,ʑ,ʑ","12500,,2500,,10000,,15000,,20000","71.8KM2,53.0KM2,53.0KM2,53.0KM2,53.0KM2",s,,"53.7.17,53.10.31",381
ꌧ,R,H䒠,"Be,ʑ","4000,,500","22.0KM2,2.2KM2",R,,"53.10.31,54.5.30",855
ꌧ,R,ssv,"Be,ʑ","15000,,2500","54.0KM2,22.0KM2",R,,"53.10.30,53.12.20",856
ꌧ,,nՒ,,,260.0km,ꌧ,,"53.12,54.3",965
ꌧ,vs,"_ƍ\,P",ʑ,1000,0.6KM2,vs,,"53.11.25,54.1.8",971
ꌧ,"s,_钬,Oc쒬,,kΈ,s",,"Be,ʐ}","10000,,5000","145.0KM2,84.0KM2",Bn쐣_,,"54.1.5,54.3.30",1031
ꌧ,쒬,ssv,"ʑ,ʑ","2500,,10000","21.2KM2,21.2KM2",쒬,,"54.2.13,54.3.31",1104
F{,,Xьv,"Be,ʐ}","20000,,5000","842.0KM2,1162.0KM2",F{,,"53.4.15,54.3.31",154
F{,s,ssv,"Be,ʑ","12500,,2500","165.0KM2,68.0KM2",s,,"53.5.1,54.5.31",157
F{,rs,v,"Be,Be","4000,,12500","57.9KM2,57.9KM2",rs,,"53.5.20,53.8.30",163
F{,Ò,ُꐮ,ʑ,1000,4.2KM2,F{er,,"53.5.18,53.8.17",293
F{,u,ssv,"Be,ʑ","12500,,2500","80.0KM2,25.5KM2",u,,"53.6.20,53.9.30",377
F{,L,v,"Be,ʑ","15000,,10000","60.3KM2,60.3KM2",L,,"53.6.30,53.9.30",382
F{,֒,v,"Be,ʑ","20000,,5000","70.1KM2,70.1KM2",֒,,"53.7.1,53.10.10",383
F{,R],ԓHv,H,,7.0km,{Hc݋,,"53.7.1,53.12.20",492
F{,R],ԓHv,H,,5.4km,{Hc݋,,"53.7.1,53.12.13",494
F{,lgs,H䒠,"Be,Be,ʑ,ʑ","4000,,8000,,500,,1000","29.0KM2,182.0KM2,1.7KM2,14.8KM2",lgs,,"53.8.1,54.5.31",571
F{,{,H䒠,"Be,ʑ","4000,,500","10.0KM2,0.8KM2",{,,"53.9.1,54.3.31",689
F{,F{s,nՒ,,,22.5km,F{,,"53.11.15,54.1.31",696
F{,s,Sv,"Be,ʑ","4000,,500","3.7KM2,2.2KM2",{LS֍H,,"53.10.16,53.12.25",699
F{,s,Sv,"Be,ʑ","4000,,500","9.6KM2,2.2KM2",{LS֍H,,"53.10.16,53.12.25",700
F{,"F,Fs,k,Vs,cY",`pv,"Be,ʑ","15000,,3000","60.5KM2,12.8KM2",F{,,"53.10.5,54.1.20",702
F{,rs,H䒠,ʑ,500,3.6KM2,rs,,"53.10.31,54.3.30",854
F{,s,Hv,H,,3.4km,{Hc݋,,"53.11.1,54.2.28",857
F{,F{s,H䒠,Be,4000,160.0KM2,F{s,,"53.11.8,54.3.28",858
F{,{ns,H,ʑ,2000,5.0KM2,F{{ny؎,,"53.11.20,54.1.18",975
F{,"cY,k,Óޖؒ",Hv,"Be,ʑVK,ʑVK,ʑVK,ʑC,ʑC,ʑC","12500,,2500,,10000,,25000,,2500,,10000,,25000","50.0KM2,4.7KM2,4.7KM2,4.7KM2,20.4KM2,20.4KM2,20.4KM2",F{k,,"53.11.28,54.3.25",981
F{,ʖs,H䒠,Be,4000,88.9KM2,ʖs,,"53.12.26,54.3.26",984
F{,u,H䒠,"Be,ʑ","4000,,500","25.5KM2,4.5KM2",u,,"53.12.25,54.3.30",985
F{,"[s,V",Jv,ʑ,2500,11.3KM2,B_ǎppJ񌚐ݎƏ,,"53.12.25,54.2.17",1024
F{,{b,v,ʑ,5000,13.0KM2,{b,,"54.1.30,54.3.31",1036
F{,{,ԓv,H,,4.8km,{Hc݋,,"54.2.10,54.6.30",1098
F{,{,ԓv,H,,4.0km,{Hc݋,,"54.2.10,54.6.30",1099
F{,{,ԓv,H,,6.2km,{Hc݋,,"54.2.10,54.6.30",1100
F{,"Ǒ,[c",yn,ʑ,1000,2.9KM2,B_,,"54.2.10,54.3.24",1101
F{,V,H,ʑ,2500,0.7KM2,F{{ny؎,,"54.2.19,54.3.31",1141
F{,Ǒ,v,ʑ,5000,13.5KM2,Ǒ,,"54.3.13,54.4.30",1142
F{,Ò,H䒠,"Be,ʑ","6000,,1000","136.0KM2,4.3KM2",Ò,,"54.2.21,55.3.30",1145
F{,쒬,Ǔ}쐬,"Be,ʑ","30000,,10000","120.9KM2,37.0KM2",쒬,,"54.3.1,54.4.21",1148
茧,s,v,"Be,ʑ","20000,,5000","30.0KM2,15.5KM2",s,,"53.2.18,53.5.13",48
茧,,H䒠,"Be,ʑ","8000,,1000","55.0KM2,5.4KM2",,,"53.5.17,54.5.30",164
茧,Fv,ƌv,"Be,ʑ","8000,,1000","26.6KM2,8.0KM2",茧kU,,"53.5.20,53.9.30",165
茧,"l,R",Hv,"Be,ʑ","4000,,500","10.0KM2,1.0KM2",茧U,,"53.7.10,53.11.26",376
茧,ʔVY,H䒠,"Be,ʑ","8000,,1000","80.0KM2,1.6KM2",ʔVY,,"53.7.7,53.12.20",384
茧,"|s,,䒬",_v,"Be,ʑ","25000,,5000","117.9KM2,67.5KM2",茧|y؎,,"53.8.15,53.11.11",495
茧,Lƒ,H䒠,"Be,ʑ","8000,,1000","31.2KM2,5.4KM2",Lƒ,,"53.8.25,54.5.20",500
茧,ՊC,H䒠,"Be,ʑ","8000,,1000","75.0KM2,10.0KM2",ՊC,,"53.10.1,54.6.30",693
茧ꌧ,"ێs,呺s,s,s,Ys",Sv,"Be,ʑ","4000,,500","12.1KM2,3.6KM2",{LS֍H,,"53.10.1,53.12.25",694
茧,L,H䒠,"Be,ʑ","8000,,1000","30.0KM2,5.5KM2",L,,"53.11.23,54.1.31",861
茧,s,H,"Be,ʑ","8000,,1000","13.6KM2,1.1KM2",茧y؎,,"53.11.27,54.1.24",862
茧,,H䒠,"Be,ʑ","4000,,500","50.0KM2,2.6KM2",,,"53.11.20,54.10.30",865
茧,Δn,H䒠,"Be,ʑ","8000,,1000","96.0KM2,6.1KM2",Δn,,"53.11.20,54.6.30",866
茧,s,H䒠,Be,8000,197.0KM2,mY,,"53.12.10,54.3.31",978
茧,ǌ,H䒠,"Be,ʑ","8000,,1000","37.6KM2,7.8KM2",ǌ,,"53.12.11,54.3.20",979
茧,Oy,H䒠,"Be,ʑ","8000,,1000","34.0KM2,2.8KM2",Oy,,"53.12.23,54.10.22",1026
茧ꌧ,"呺s,ދn,쒬",Hv,"Be,ʑ","7000,,1000","35.0KM2,15.0KM2",{Hc݋,,"54.1.10,54.3.10",1030
茧,s,H䒠,"Be,ʑ","8000,,1000","81.0KM2,81.0KM2",s,,"54.1.20,55.8.31",1033
茧ꌧ,"呺s,s",Hv,"Be,ʑ","12500,,2500","16.5KM2,4.0KM2",茧|y؎,,"54.1.30,54.3.25",1091
茧,s,Hv,"Be,ʑ","4000,,500","6.5KM2,0.5KM2",茧U,,"54.2.10,54.3.30",1097
茧,s,ssv(C),"Be,ʑ","12500,,2500","48.1KM2,21.7KM2",s,,"54.2.26,54.3.31",1137
啪,啪s,ssv,"Be,ʑ","30000,,10000","150.0KM2,50.0KM2",啪VYƓssJ,,"53.3.15,53.5.30",52
啪,Fs,Hv,"Be,ʑ","8000,,1000","14.0KM2,0.8KM2",Bn啪H,,"53.4,53.5",155
啪,R,Hv,"Be,ʑ","8000,,1000","6.7KM2,0.5KM2",Bn啪H,,"53.4,53.5",156
啪,"쑺,Fڒ,{",Xьv,"Be,ʑ","20000,,5000","112.5KM2,112.5KM2",啪,,"53.5.1,53.10.30",158
啪,,ُꐮ,ʑ,1000,2.7KM2,啪啪,,"53.5.30,53.7.28",294
啪,"S@,@,쒬",Hv,"Be,ʑ","25000,,5000","157.3KM2,17.2KM2",Bn啪H,,"53.8,53.9",380
啪,s,Hv,Be,8000,197.1KM2,s,,"53.11.14,53.12.31",859
啪,ʕ{s,䒠,ʑ,500,1.2KM2,ʕ{s,,"53.11.25,54.3.20",863
啪,z@,H䒠,"Be,ʑ","8000,,1000","128.0KM2,2.8KM2",z@,,"53.12.10,54.3.20",974
啪,Ì,nUv,"Be,ʑ","8000,,1000","58.8KM2,16.8KM2",Ì,,"54.1.20,54.3.30",1034
啪,s,H䒠,ʑ,1000,5.4KM2,s,,"54.1.25,54.7.31",1089
啪,쒬,H䒠,"Be,ʑ","8000,,1000","287.6KM2,9.2KM2",쒬,,"54.2.23,54.12.25",1136
啪,啪s,H䒠,"Be,ʑ","8000,,1000","354.0KM2,58.8KM2",啪s,,"54.3.1,55.7.30",1140
{茧,"璬,Vx",_,ʑ,1000,3.2KM2,{茧cynǎ,,"53.4.13,53.5.31",51
{茧,"Ve,䒬,k",Xьv,ʑ,5000,225.0KM2,{茧,,"53.6.1,53.8.31",299
{茧,{s,䒠,ʑ,500,3.6KM2,{s,,"53.5.29,53.9.30",301
{茧,"юs,Rc",ُꐮ,"Be,ʑ","8000,,1000","45.5KM2,2.4KM2",{茧ynǎƒc̘A,,"53.7.10,53.8.20",378
{茧,юs,ُꐮ,"Be,ʑ","20000,,5000","90.0KM2,34.0KM2",юs,,"53.8.1,53.9.30",387
{茧,юs,ssv,"Be,ʑ","12500,,2500","24.0KM2,6.0KM2",юs,,"53.9.4,53.11.20",502
{茧,",c쒬,RV",_v,ʑ,5000,3.0KM2,Bn{H,,"53.9.11,53.10.10",569
{茧,Ve,Sv,"Be,ʑ","12500,,2500","4.6KM2,0.8KM2",{LS֍H,,"53.9.20,53.11.20",575
{茧,s,ssv,ʑ,2500,83.0KM2,s,,"53.10.4,54.3.31",576
{茧,䒬,Hv,"ʑ,҂","2500,,2500","6.3KM2,10.4KM2",BnH,,"53.9.21,53.12.29",695
{茧,,,"Be,ʑ","8000,,1000","10.4KM2,2.0KM2",{茧,,"53.10.10,54.1.31",703
{茧,蒬,_,"Be,ʑVK,ʑC","20000,,5000,,5000","240.0KM2,41.9KM2,51.2KM2",蒬,,"53.12.20,54.4.30",1035
{茧,,H䒠,"Be,ʑ","8000,,1000","95.0KM2,3.4KM2",,,"54.1.20,54.10.31",1088
{茧,s,H䒠,"Be,ʑ","4000,,500","73.2KM2,8.5KM2",s,,"54.2.20,54.12.20",1135
{茧,s,H䒠,"Be,ʑ","4000,,500","14.6KM2,1.2KM2",s,,"54.3.15,54.5.20",1143
,s,ssv,ʑ,2500,4.2KM2,s,,"53.4.10,53.4.30",49
,"s,e,,,SR,s,s,ؖs",L撲,҂,10000,410.0KM2,zƎƒc,,"53.6.1,53.9.20",74
,s,ُꐮ,"ʑ,ʑ","1000,,5000","2.8KM2,8.9KM2",s,,"53.4.3,53.5.30",160
,cs,ynՐ,ʑ,3000,2.7KM2,ckn,,"53.6.7,53.8.10",298
,R,_v,ʑ,2500,2.3KM2,BnH,,"53.6.10,53.9.5",300
,R,ُꐮ,"Be,ʑ","8000,,1000","27.3KM2,5.6KM2",R,,"53.6.12,53.7.31",303
,Pk,yn,ʑ,5000,57.0KM2,kn,,"53.6.6,53.8.20",375
,,"{Yn,݌v","Be,ʑ","12500,,2500","27.2KM2,9.8KM2",B_,,"53.7.15,53.9.30",379
,,ynՐ,ʑ,1000,7.1KM2,ɏW@kn,,"53.8.1,53.9.30",385
,L,H䒠,"Be,ʑ","4000,,500","140.0KM2,5.0KM2",L,,"53.7.30,54.7.31",490
,"卪蒬,c㒬","{Yn,݌v",ʑ,2500,6.5KM2,B_,,"53.8.10,53.9.30",493
,"卪蒬,ᕽ,R","{Yn,݌v",ʑ,2500,5.6KM2,B_,,"53.8.28,53.10.10",498
,蒬,"{Yn,݌v",ʑ,2500,6.0KM2,B_,,"53.8.28,53.10.10",499
,"L,蒬",ُꐮ,"Be,ʑ","8000,,1000","20.0KM2,6.1KM2",L,,"53.8.30,53.12.2",501
,"whs,s,s,蒬",͐䒠,"Be,ʑ","15000,,2500","438.6KM2,2.1KM2",,,"53.9.14,53.12.22",690
,"s,s",Sv,"Be,ʑ","4000,,500","4.1KM2,1.3KM2",{LS֍H,,"53.10.16,53.12.25",697
,ǒ,H䒠,"Be,Be,ʑ","4000,,8000,,500","42.4KM2,105.0KM2,8.3KM2",ǒ,,"53.10.11,54.7.31",701
,R,H䒠,"Be,ʑ","4000,,500","50.0KM2,2.4KM2",R,,"53.10.30,54.6.30",8531
,uzu,H䒠,"Be,ʑ","4000,,500","87.4KM2,5.5KM2",uzu,,"53.12.5,54.11.30",966
,,H䒠,"Be,ʑ","4000,,500","146.0KM2,7.1KM2",,,"53.12.5,54.12.20",967
,VY,H䒠,"Be,ʑ","4000,,500","37.0KM2,2.6KM2",VY,,"53.11.30,54.3.30",968
,c㒬,E,p,,44.3km,F{cы,,"53.11,54.3",972
,㉮v,E,p,,14.0km,F{cы,,"53.12,54.3",973
,"whs,,o,J,R쒬",H䒠,"Be,ʑ","8000,,1000","230.0KM2,8.9KM2",why؎,,"53.12.18,54.3.25",1023
,"ؖs,s,s",Sv,"Be,ʑ","5000,,2500","20.0KM2,3.1KM2",{LS֍H,,"54.1.10,54.3.30",1027
,"ؖs,J,uzu,R",͐䒠,ʑ,2500,11.7KM2,,,"54.1.6,54.3.1",1029
,g,H䒠,"Be,ʑ","4000,,500","129.0KM2,9.0KM2",g,,"54.2.5,55.4.30",1090
,ؒ,v,ʑ,5000,6.0KM2,ؒ,,"54.2.10,54.3.30",1095
,os,H䒠,"Be,Be,ʑ,ʑ","4000,,8000,,500,,1000","60.0KM2,50.0KM2,6.7KM2,1.9KM2",os,,"54.3.1,55.2.5",1138
,,ynՐ,"Be,Be,ʑ","8000,,20000,,5000","28.0KM2,40.0KM2,10.2KM2",kn,,"54.3.20,54.4.10",1144
,},_,"Be,ʑVK,ʑC","25000,,5000,,5000","150.9KM2,38.3KM2,20.7KM2",},,"54.3.15,54.5.30",1146
,,_,"Be,Be,ʑ","8000,,15000,,5000","27.4KM2,43.1KM2,11.0KM2",,,"54.3.16,54.4.30",1147
ꌧ,n쑺,}쐬,"Be,ʑ","8000,,1000","3.5KM2,3.5KM2",n쑺ψ,,"53.6.20,53.8.30",258
ꌧ,s,搮,,500,0.7KM2,ꌧ,,"53.8.10,54.1.16",402
ꌧ,X,_v,ʑ,2500,22.9KM2,"ꑍ,k_",,"53.8.11,53.12.8",403
ꌧ,",X,s",͐J,"Be,ʑ","12500,,2500","63.0KM2,4.7KM2","ꑍ,k_",,"53.8.31,53.12.18",531
ꌧ,X,yn,"Be,ʑ","8000,,1000","1.9KM2,0.6KM2",ꌧ_ѐY,,"53.9.18,53.11.16",578
ꌧ,哌,_nv,ʑ,1000,4.0KM2,哌,,"53.7.25,53.11.25",640
ꌧ,s,ssv,ʑ,2500,24.0KM2,ꌧ,,"53.10.23,54.3.15",665
ꌧ,s,ssv,ʑ,2500,14.1KM2,s,,"53.11.1,54.3.15",666
ꌧ,{,ssv,ʑ,2500,6.9KM2,{,,"53.11.1,54.3.15",667
ꌧ,"us,Xps",E,",","1000,,500","8.1KM2,8.1KM2",ߔehq{݋,,"53.11.4,55.3.31",712
ꌧ,|x,Xьv,ʑ,5000,176.4KM2,F{cы,,"53.12.1,54.2.10",852
ꌧ,",,X",yn,"Be,ʑ","8000,,1000","16.6KM2,2.0KM2",ꌧ,,"54.1.5,54.3.5",922
ꌧ,,_v,"Be,ʑ","12500,,2500","70.0KM2,8.9KM2","ꑍ,k_",,"53.12.20,54.2.28",944
ꌧ,"mO,ʏ鑺",Hv,ʑ,1000,1.8KM2,"ꑍ,암",,"54.1.11,54.3.30",1039
ꌧ,s,Hv,ʑ,1000,2.1KM2,"ꑍ,암",,"54.1.11,54.3.30",1040
ꌧ,[,_v,"Be,ʑ","8000,,1000","11.9KM2,2.4KM2",[,,"54.2.6,54.3.31",1106
